year,temp_smooth
1,0.13513778595250905
2,0.1352204599565777
3,0.1353031339606463
4,0.13538580796471492
5,0.13546848196878353
6,0.13555115597285214
7,0.13563382997692075
8,0.1357165039809894
9,0.135799177985058
10,0.1358818519891266
11,0.13596452599319522
12,0.13604719999726386
13,0.13612987400133247
14,0.13621254800540109
15,0.1362952220094697
16,0.13637789601353834
17,0.13646057001760695
18,0.13654324402167556
19,0.13662591802574417
20,0.1367085920298128
21,0.13679126603388142
22,0.13687394003795003
23,0.13695661404201867
24,0.13703928804608728
25,0.1371219620501559
26,0.1372046360542245
27,0.13728731005829314
28,0.13736998406236173
29,0.13745265806643037
30,0.13753533207049898
31,0.1376180060745676
32,0.13770068007863623
33,0.13778335408270484
34,0.13786602808677348
35,0.13794870209084206
36,0.13803137609491067
37,0.1381140500989793
38,0.13819672410304795
39,0.13827939810711656
40,0.13836207211118517
41,0.1384447461152538
42,0.1385274201193224
43,0.138610094123391
44,0.13869276812745965
45,0.13877544213152826
46,0.13885811613559687
47,0.1389407901396655
48,0.13902346414373412
49,0.13910613814780273
50,0.13918881215187134
51,0.13927148615593998
52,0.1393541601600086
53,0.1394368341640772
54,0.13951950816814582
55,0.13960218217221446
56,0.13968485617628304
57,0.13976753018035168
58,0.1398502041844203
59,0.13993287818848893
60,0.14001555219255754
61,0.14009822619662615
62,0.14018090020069476
63,0.14026357420476337
64,0.14034624820883201
65,0.14042892221290063
66,0.14051159621696924
67,0.14059427022103788
68,0.1406769442251065
69,0.1407596182291751
70,0.1408422922332437
71,0.14092496623731232
72,0.14100764024138093
73,0.14109031424544957
74,0.14117298824951818
75,0.14125566225358682
76,0.14133833625765543
77,0.14142101026172404
78,0.14150368426579266
79,0.14158635826986127
80,0.1416690322739299
81,0.14175170627799852
82,0.14183438028206713
83,0.14191705428613574
84,0.14199972829020435
85,0.142082402294273
86,0.1421650762983416
87,0.14224775030241021
88,0.14233042430647883
89,0.14241309831054746
90,0.14249577231461608
91,0.14257844631868472
92,0.1426611203227533
93,0.14274379432682194
94,0.14282646833089055
95,0.14290914233495916
96,0.1429918163390278
97,0.1430744903430964
98,0.14315716434716502
99,0.14323983835123363
100,0.14332251235530227
101,0.14348533655385598
102,0.14364563694282625
103,0.14380341352221299
104,0.14395866629201623
105,0.14411139525223596
106,0.1442616004028722
107,0.14440928174392495
108,0.1445544392753942
109,0.14469707299727994
110,0.1448371829095822
111,0.14497476901230094
112,0.1451098313054362
113,0.14524236978898797
114,0.1453723844629562
115,0.14549987532734096
116,0.1456248423821422
117,0.14574728562735997
118,0.14586720506299425
119,0.145984600689045
120,0.14609947250551225
121,0.14621182051239603
122,0.14632164470969627
123,0.14642894509741305
124,0.14653372167554635
125,0.1466359744440961
126,0.14673570340306238
127,0.14683290855244516
128,0.14692758989224444
129,0.14701974742246018
130,0.14710938114309247
131,0.14719649105414123
132,0.14728107715560654
133,0.1473631394474883
134,0.1474426779297866
135,0.1475196926025014
136,0.14759418346563263
137,0.14766615051918044
138,0.14773559376314474
139,0.14780251319752552
140,0.1478669088223228
141,0.14792878063753662
142,0.1479881286431669
143,0.14804495283921368
144,0.14809925322567696
145,0.1481510298025568
146,0.14820028256985307
147,0.14824701152756586
148,0.14829121667569517
149,0.148332898014241
150,0.1483720555432033
151,0.14840868926258208
152,0.14844279917237738
153,0.1484743852725892
154,0.1485034475632175
155,0.1485299860442623
156,0.14855400071572364
157,0.14857549157760144
158,0.14859445862989576
159,0.1486109018726066
160,0.14862482130573387
161,0.1486362169292777
162,0.148645088743238
163,0.14865143674761483
164,0.14865526094240816
165,0.14865656132761798
166,0.1486553379032443
167,0.14865159066928713
168,0.14864531962574645
169,0.1486365247726223
170,0.14862520610991461
171,0.14861136363762345
172,0.14859499735574877
173,0.1485761072642906
174,0.14855469336324895
175,0.14853075565262377
176,0.14850429413241512
177,0.14847530880262297
178,0.1484437996632473
179,0.14840976671428815
180,0.1483732099557455
181,0.14833412938761933
182,0.14829252500990966
183,0.14824839682261653
184,0.14820174482573986
185,0.14815256901927973
186,0.14810086940323605
187,0.14804664597760891
188,0.1479898987423983
189,0.14793062769760415
190,0.1478688328432265
191,0.14780451417926535
192,0.1477376717057207
193,0.14766830542259257
194,0.14759641532988094
195,0.1475220014275858
196,0.14744506371570718
197,0.14736560219424502
198,0.1472836168631994
199,0.14719910772257025
200,0.14711207477235763
201,0.14702213044484685
202,0.14693179854962143
203,0.14684107908668134
204,0.1467499720560266
205,0.1466584774576572
206,0.14656659529157318
207,0.14647432555777448
208,0.14638166825626114
209,0.14628862338703313
210,0.14619519095009048
211,0.1461013709454332
212,0.14600716337306124
213,0.14591256823297463
214,0.14581758552517338
215,0.14572221524965745
216,0.1456264574064269
217,0.1455303119954817
218,0.14543377901682183
219,0.14533685847044733
220,0.14523955035635816
221,0.14514185467455434
222,0.14504377142503586
223,0.14494530060780275
224,0.14484644222285498
225,0.14474719627019256
226,0.1446475627498155
227,0.14454754166172376
228,0.14444713300591736
229,0.14434633678239633
230,0.14424515299116064
231,0.1441435816322103
232,0.14404162270554532
233,0.14393927621116567
234,0.14383654214907138
235,0.14373342051926244
236,0.14362991132173886
237,0.1435260145565006
238,0.1434217302235477
239,0.14331705832288014
240,0.14321199885449795
241,0.1431065518184011
242,0.1430007172145896
243,0.14289449504306342
244,0.1427878853038226
245,0.14268088799686715
246,0.14257350312219705
247,0.14246573067981227
248,0.14235757066971286
249,0.1422490230918988
250,0.14214008794637006
251,0.1420307652331267
252,0.14192105495216867
253,0.141810957103496
254,0.14170047168710864
255,0.14158959870300666
256,0.14147833815119004
257,0.14136669003165875
258,0.1412546543444128
259,0.14114223108945223
260,0.141029420266777
261,0.1409162218763871
262,0.14080263591828254
263,0.14068866239246336
264,0.1405743012989295
265,0.140459552637681
266,0.14034441640871786
267,0.14022889261204005
268,0.1401129812476476
269,0.1399966823155405
270,0.13987999581571872
271,0.13976292174818233
272,0.13964546011293125
273,0.13952761090996554
274,0.13940937413928517
275,0.13929074980089015
276,0.1391717378947805
277,0.13905233842095616
278,0.13893255137941718
279,0.13881237677016356
280,0.1386918145931953
281,0.13857086484851236
282,0.13844952753611478
283,0.13832780265600253
284,0.13820569020817566
285,0.13808319019263413
286,0.13796030260937792
287,0.1378370274584071
288,0.1377133647397216
289,0.13758931445332145
290,0.13746487659920664
291,0.13734005117737721
292,0.1372148381878331
293,0.13708923763057435
294,0.13696324950560093
295,0.1368368738129129
296,0.13671011055251017
297,0.13658295972439283
298,0.1364554213285608
299,0.13632749536501415
300,0.13619918183375282
301,0.13607180732549823
302,0.13594575940796497
303,0.13582103808115312
304,0.1356976433450626
305,0.13557557519969346
306,0.13545483364504565
307,0.13533541868111923
308,0.13521733030791416
309,0.13510056852543045
310,0.13498513333366813
311,0.13487102473262713
312,0.13475824272230752
313,0.1346467873027093
314,0.1345366584738324
315,0.13442785623567688
316,0.13432038058824272
317,0.13421423153152992
318,0.1341094090655385
319,0.13400591319026842
320,0.1339037439057197
321,0.13380290121189234
322,0.13370338510878638
323,0.13360519559640174
324,0.1335083326747385
325,0.1334127963437966
326,0.13331858660357607
327,0.1332257034540769
328,0.1331341468952991
329,0.13304391692724266
330,0.13295501354990755
331,0.13286743676329385
332,0.13278118656740148
333,0.1326962629622305
334,0.13261266594778087
335,0.1325303955240526
336,0.13244945169104572
337,0.13236983444876016
338,0.132291543797196
339,0.13221457973635317
340,0.13213894226623174
341,0.13206463138683164
342,0.13199164709815292
343,0.13191998940019553
344,0.13184965829295955
345,0.1317806537764449
346,0.13171297585065164
347,0.1316466245155797
348,0.13158159977122919
349,0.1315179016176
350,0.13145553005469215
351,0.1313944850825057
352,0.1313347667010406
353,0.1312763749102969
354,0.1312193097102745
355,0.13116357110097351
356,0.13110915908239387
357,0.1310560736545356
358,0.13100431481739866
359,0.13095388257098312
360,0.13090477691528893
361,0.13085699785031607
362,0.1308105453760646
363,0.13076541949253453
364,0.13072162019972577
365,0.13067914749763837
366,0.13063800138627238
367,0.13059818186562772
368,0.13055968893570444
369,0.13052252259650252
370,0.13048668284802195
371,0.13045216969026274
372,0.13041898312322492
373,0.13038712314690842
374,0.1303565897613133
375,0.13032738296643956
376,0.1302995027622872
377,0.13027294914885618
378,0.1302477221261465
379,0.1302238216941582
380,0.13020124785289125
381,0.1301800006023457
382,0.1301600799425215
383,0.13014148587341864
384,0.13012421839503716
385,0.13010827750737702
386,0.13009366321043828
387,0.13008037550422089
388,0.13006841438872485
389,0.13005777986395017
390,0.13004847192989688
391,0.13004049058656492
392,0.13003383583395434
393,0.13002850767206514
394,0.1300245061008973
395,0.1300218311204508
396,0.13002048273072564
397,0.1300204609317219
398,0.1300217657234395
399,0.13002439710587846
400,0.13002835507903876
401,0.13003431766414783
402,0.13004095827048426
403,0.13004827689804807
404,0.13005627354683924
405,0.1300649482168578
406,0.1300743009081037
407,0.130084331620577
408,0.13009504035427766
409,0.1301064271092057
410,0.1301184918853611
411,0.1301312346827439
412,0.13014465550135404
413,0.1301587543411916
414,0.13017353120225647
415,0.13018898608454874
416,0.1302051189880684
417,0.13022192991281542
418,0.1302394188587898
419,0.13025758582599156
420,0.1302764308144207
421,0.13029595382407722
422,0.1303161548549611
423,0.13033703390707235
424,0.13035859098041097
425,0.13038082607497695
426,0.13040373919077033
427,0.13042733032779108
428,0.1304515994860392
429,0.13047654666551467
430,0.13050217186621751
431,0.13052847508814777
432,0.1305554563313054
433,0.13058311559569036
434,0.1306114528813027
435,0.13064046818814243
436,0.13067016151620953
437,0.13070053286550398
438,0.13073158223602582
439,0.13076330962777502
440,0.1307957150407516
441,0.13082879847495557
442,0.1308625599303869
443,0.1308969994070456
444,0.13093211690493167
445,0.1309679124240451
446,0.13100438596438593
447,0.13104153752595413
448,0.1310793671087497
449,0.13111787471277261
450,0.13115706033802293
451,0.13119692398450064
452,0.13123746565220568
453,0.1312786853411381
454,0.1313205830512979
455,0.13136315878268504
456,0.1314064125352996
457,0.13145034430914151
458,0.1314949541042108
459,0.13154024192050745
460,0.13158620775803148
461,0.1316328516167829
462,0.13168017349676167
463,0.13172817339796783
464,0.13177685132040134
465,0.13182620726406225
466,0.1318762412289505
467,0.13192695321506615
468,0.13197834322240917
469,0.13203041125097956
470,0.1320831573007773
471,0.13213658137180243
472,0.13219068346405494
473,0.1322454635775348
474,0.13230092171224206
475,0.13235705786817667
476,0.13241387204533867
477,0.13247136424372802
478,0.13252953446334476
479,0.13258838270418888
480,0.13264790896626036
481,0.1327081132495592
482,0.13276899555408544
483,0.13283055587983902
484,0.13289279422682
485,0.13295571059502834
486,0.13301930498446407
487,0.13308357739512713
488,0.1331485278270176
489,0.13321415628013544
490,0.13328046275448066
491,0.13334744725005324
492,0.1334151097668532
493,0.1334834503048805
494,0.1335524688641352
495,0.13362216544461725
496,0.13369254004632672
497,0.13376359266926352
498,0.1338353233134277
499,0.13390773197881925
500,0.1339808186654382
501,0.13405798744543584
502,0.1341385602975848
503,0.1342225372218851
504,0.13430991821833674
505,0.1344007032869397
506,0.13449489242769402
507,0.1345924856405997
508,0.1346934829256567
509,0.134797884282865
510,0.13490568971222464
511,0.13501689921373564
512,0.13513151278739793
513,0.1352495304332116
514,0.13537095215117662
515,0.13549577794129292
516,0.1356240078035606
517,0.13575564173797958
518,0.1358906797445499
519,0.1360291218232716
520,0.13617096797414457
521,0.1363162181971689
522,0.1364648724923446
523,0.13661693085967158
524,0.13677239329914995
525,0.1369312598107796
526,0.13709353039456063
527,0.13725920505049297
528,0.13742828377857666
529,0.13760076657881165
530,0.13777665345119802
531,0.13795594439573572
532,0.1381386394124247
533,0.1383247385012651
534,0.13851424166225676
535,0.1387071488953998
536,0.13890346020069416
537,0.13910317557813984
538,0.1393062950277369
539,0.13951281854948525
540,0.13972274614338495
541,0.139936077809436
542,0.14015281354763837
543,0.14037295335799208
544,0.1405964972404971
545,0.14082344519515347
546,0.14105379722196118
547,0.14128755332092022
548,0.1415247134920306
549,0.14176527773529232
550,0.1420092460507054
551,0.14225661843826976
552,0.14250739489798547
553,0.14276157542985254
554,0.1430191600338709
555,0.14328014871004066
556,0.1435445414583617
557,0.1438123382788341
558,0.14408353917145786
559,0.1443581441362329
560,0.1446361531731593
561,0.14491756628223704
562,0.14520238346346612
563,0.14549060471684652
564,0.14578223004237825
565,0.1460772594400613
566,0.14637569290989574
567,0.14667753045188148
568,0.14698277206601856
569,0.14729141775230697
570,0.1476034675107467
571,0.1479189213413378
572,0.14823777924408021
573,0.14856004121897398
574,0.14888570726601907
575,0.1492147773852155
576,0.14954725157656323
577,0.14988312984006233
578,0.15022241217571278
579,0.15056509858351452
580,0.15091118906346762
581,0.15126068361557207
582,0.15161358223982785
583,0.15196988493623492
584,0.15232959170479338
585,0.15269270254550316
586,0.15305921745836426
587,0.1534291364433767
588,0.1538024595005405
589,0.1541791866298556
590,0.15455931783132204
591,0.15494285310493983
592,0.15532979245070894
593,0.1557201358686294
594,0.15611388335870116
595,0.1565110349209243
596,0.15691159055529877
597,0.15731555026182456
598,0.15772291404050168
599,0.15813368189133015
600,0.15854785381430994
601,0.15896044675679794
602,0.1593680566466428
603,0.15977068348384452
604,0.16016832726840308
605,0.16056098800031854
606,0.1609486656795908
607,0.16133136030621995
608,0.16170907188020597
609,0.16208180040154882
610,0.16244954587024857
611,0.16281230828630516
612,0.16317008764971863
613,0.16352288396048895
614,0.1638706972186161
615,0.16421352742410014
616,0.16455137457694105
617,0.16488423867713878
618,0.16521211972469338
619,0.16553501771960488
620,0.16585293266187323
621,0.1661658645514984
622,0.16647381338848047
623,0.16677677917281938
624,0.16707476190451512
625,0.16736776158356778
626,0.16765577820997726
627,0.16793881178374362
628,0.16821686230486685
629,0.16848992977334692
630,0.16875801418918387
631,0.16902111555237764
632,0.1692792338629283
633,0.16953236912083583
634,0.16978052132610016
635,0.1700236904787214
636,0.17026187657869954
637,0.17049507962603447
638,0.17072329962072633
639,0.17094653656277495
640,0.1711647904521805
641,0.17137806128894292
642,0.17158634907306217
643,0.17178965380453828
644,0.17198797548337127
645,0.17218131410956108
646,0.17236966968310777
647,0.17255304220401133
648,0.17273143167227176
649,0.172904838087889
650,0.17307326145086313
651,0.17323670176119418
652,0.173395159018882
653,0.17354863322392675
654,0.1736971243763283
655,0.17384063247608675
656,0.17397915752320203
657,0.1741126995176742
658,0.17424125845950322
659,0.1743648343486891
660,0.17448342718523185
661,0.17459703696913145
662,0.17470566370038787
663,0.1748093073790012
664,0.17490796800497138
665,0.17500164557829842
666,0.17509034009898233
667,0.1751740515670231
668,0.1752527799824207
669,0.17532652534517518
670,0.1753952876552865
671,0.17545906691275473
672,0.17551786311757978
673,0.17557167626976167
674,0.1756205063693005
675,0.17566435341619607
676,0.1757032174104486
677,0.17573709835205795
678,0.17576599624102415
679,0.1757899110773473
680,0.1758088428610272
681,0.175822791592064
682,0.17583175727045766
683,0.17583573989620815
684,0.17583473946931555
685,0.1758287559897798
686,0.17581778945760088
687,0.17580183987277884
688,0.17578090723531364
689,0.17575499154520535
690,0.17572409280245388
691,0.17568821100705928
692,0.17564734615902153
693,0.17560149825834065
694,0.17555066730501662
695,0.17549485329904946
696,0.17543405624043917
697,0.17536827612918574
698,0.17529751296528914
699,0.17522176674874945
700,0.17514103747956655
701,0.17505314908376757
702,0.1749630846139955
703,0.17487084407025041
704,0.1747764274525323
705,0.17467983476084117
706,0.17458106599517698
707,0.1744801211555398
708,0.1743770002419296
709,0.17427170325434635
710,0.1741642301927901
711,0.1740545810572608
712,0.17394275584775842
713,0.1738287545642831
714,0.17371257720683467
715,0.17359422377541328
716,0.17347369427001882
717,0.17335098869065138
718,0.17322610703731087
719,0.1730990493099974
720,0.17296981550871082
721,0.17283840563345124
722,0.17270481968421864
723,0.17256905766101302
724,0.17243111956383436
725,0.17229100539268266
726,0.17214871514755795
727,0.17200424882846024
728,0.17185760643538947
729,0.17170878796834566
730,0.17155779342732883
731,0.17140462281233898
732,0.17124927612337607
733,0.17109175336044022
734,0.17093205452353127
735,0.17077017961264931
736,0.17060612862779434
737,0.1704399015689663
738,0.17027149843616526
739,0.1701009192293912
740,0.16992816394864413
741,0.169753232593924
742,0.1695761251652308
743,0.16939684166256463
744,0.16921538208592543
745,0.16903174643531318
746,0.16884593471072792
747,0.16865794691216965
748,0.16846778303963833
749,0.168275443093134
750,0.16808092707265662
751,0.1678842349782062
752,0.16768536680978277
753,0.16748432256738635
754,0.16728110225101683
755,0.16707570586067436
756,0.1668681333963588
757,0.16665838485807027
758,0.16644646024580864
759,0.16623235955957402
760,0.1660160827993664
761,0.16579762996518574
762,0.165577001057032
763,0.1653541960749053
764,0.16512921501880554
765,0.16490205788873274
766,0.16467272468468694
767,0.16444121540666812
768,0.16420753005467623
769,0.16397166862871132
770,0.1637336311287734
771,0.1634934175548625
772,0.16325102790697849
773,0.16300646218512152
774,0.16275972038929148
775,0.16251080251948838
776,0.1622597085757123
777,0.16200643855796318
778,0.16175099246624108
779,0.16149337030054592
780,0.16123357206087768
781,0.1609715977472365
782,0.16070744735962222
783,0.16044112089803494
784,0.16017261836247465
785,0.15990193975294134
786,0.15962908506943496
787,0.15935405431195557
788,0.1590768474805032
789,0.1587974645750777
790,0.15851590559567927
791,0.15823217054230776
792,0.15794625941496324
793,0.15765817221364567
794,0.15736790893835512
795,0.1570754695890915
796,0.15678085416585485
797,0.1564840626686452
798,0.1561850950974625
799,0.1558839514523068
800,0.15558063173317804
801,0.15527558487356663
802,0.15497098694744552
803,0.1546668379548147
804,0.15436313789567427
805,0.15405988677002413
806,0.15375708457786436
807,0.1534547313191949
808,0.15315282699401575
809,0.15285137160232695
810,0.15255036514412848
811,0.15224980761942034
812,0.15194969902820252
813,0.15165003937047505
814,0.1513508286462379
815,0.15105206685549105
816,0.15075375399823457
817,0.15045589007446838
818,0.15015847508419256
819,0.14986150902740702
820,0.14956499190411188
821,0.149268923714307
822,0.14897330445799248
823,0.1486781341351683
824,0.14838341274583447
825,0.14808914028999093
826,0.14779531676763774
827,0.14750194217877485
828,0.1472090165234023
829,0.1469165398015201
830,0.14662451201312823
831,0.14633293315822665
832,0.14604180323681543
833,0.14575112224889455
834,0.14546089019446398
835,0.14517110707352376
836,0.14488177288607385
837,0.14459288763211428
838,0.14430445131164502
839,0.1440164639246661
840,0.14372892547117752
841,0.14344183595117926
842,0.14315519536467133
843,0.14286900371165373
844,0.14258326099212648
845,0.14229796720608956
846,0.14201312235354294
847,0.14172872643448667
848,0.1414447794489207
849,0.14116128139684508
850,0.1408782322782598
851,0.14059563209316484
852,0.1403134808415602
853,0.14003177852344592
854,0.13975052513882197
855,0.13946972068768831
856,0.139189365170045
857,0.13890945858589202
858,0.13863000093522934
859,0.13835099221805705
860,0.13807243243437503
861,0.1377943215841834
862,0.13751665966748203
863,0.13723944668427104
864,0.13696268263455036
865,0.13668636751832003
866,0.13641050133558
867,0.13613508408633032
868,0.13586011577057097
869,0.13558559638830195
870,0.13531152593952323
871,0.13503790442423488
872,0.13476473184243684
873,0.13449200819412915
874,0.13421973347931176
875,0.1339479076979847
876,0.133676530850148
877,0.1334056029358016
878,0.13313512395494553
879,0.1328650939075798
880,0.1325955127937044
881,0.13232638061331936
882,0.13205769736642461
883,0.1317894630530202
884,0.1315216776731061
885,0.13125434122668236
886,0.13098745371374895
887,0.13072101513430584
888,0.13045502548835308
889,0.13018948477589065
890,0.12992439299691855
891,0.12965975015143677
892,0.12939555623944532
893,0.12913181126094422
894,0.12886851521593343
895,0.12860566810441296
896,0.12834326992638284
897,0.12808132068184305
898,0.1278198203707936
899,0.12755876899323446
900,0.12729816654916562
901,0.1270376222434288
902,0.12677668714253354
903,0.12651536124647988
904,0.1262536445552679
905,0.1259915370688975
906,0.12572903878736874
907,0.12546614971068157
908,0.12520286983883605
909,0.12493919917183213
910,0.12467513770966983
911,0.12441068545234914
912,0.12414584239987009
913,0.12388060855223262
914,0.12361498390943679
915,0.12334896847148256
916,0.12308256223836997
917,0.122815765210099
918,0.12254857738666965
919,0.1222809987680819
920,0.12201302935433576
921,0.12174466914543125
922,0.12147591814136838
923,0.12120677634214709
924,0.12093724374776746
925,0.1206673203582294
926,0.12039700617353298
927,0.12012630119367818
928,0.11985520541866498
929,0.11958371884849342
930,0.11931184148316346
931,0.11903957332267513
932,0.11876691436702842
933,0.11849386461622334
934,0.11822042407025983
935,0.11794659272913798
936,0.11767237059285773
937,0.1173977576614191
938,0.1171227539348221
939,0.11684735941306672
940,0.11657157409615294
941,0.11629539798408077
942,0.11601883107685022
943,0.11574187337446133
944,0.11546452487691401
945,0.11518678558420832
946,0.11490865549634426
947,0.1146301346133218
948,0.11435122293514097
949,0.11407192046180174
950,0.11379222719330415
951,0.11351214312964818
952,0.11323166827083381
953,0.11295080261686107
954,0.11266954616772992
955,0.11238789892344041
956,0.11210586088399252
957,0.11182343204938625
958,0.11154061241962158
959,0.11125740199469855
960,0.11097380077461712
961,0.11068980875937733
962,0.11040542594897913
963,0.11012065234342257
964,0.1098354879427076
965,0.10954993274683428
966,0.10926398675580255
967,0.10897764996961244
968,0.10869092238826396
969,0.1084038040117571
970,0.10811629484009186
971,0.10782839487326823
972,0.10754010411128621
973,0.10725142255414583
974,0.10696235020184704
975,0.10667288705438988
976,0.10638303311177433
977,0.1060927883740004
978,0.1058021528410681
979,0.10551112651297741
980,0.10521970938972834
981,0.10492790147132089
982,0.10463570275775504
983,0.10434311324903084
984,0.10405013294514823
985,0.10375676184610724
986,0.10346299995190789
987,0.10316884726255013
988,0.102874303778034
989,0.10257936949835948
990,0.10228404442352658
991,0.10198832855353532
992,0.10169222188838564
993,0.10139572442807761
994,0.10109883617261119
995,0.10080155712198638
996,0.10050388727620317
997,0.1002058266352616
998,0.09990737519916164
999,0.0996085329679033
1000,0.09930929994148659
1001,0.09901259225044884
1002,0.09871880068994845
1003,0.09842792525998544
1004,0.09813996596055977
1005,0.09785492279167145
1006,0.0975727957533205
1007,0.0972935848455069
1008,0.09701729006823066
1009,0.09674391142149179
1010,0.09647344890529028
1011,0.09620590251962612
1012,0.0959412722644993
1013,0.09567955813990986
1014,0.09542076014585779
1015,0.09516487828234306
1016,0.0949119125493657
1017,0.09466186294692569
1018,0.09441472947502304
1019,0.09417051213365775
1020,0.09392921092282981
1021,0.09369082584253925
1022,0.09345535689278602
1023,0.09322280407357016
1024,0.09299316738489168
1025,0.09276644682675052
1026,0.09254264239914674
1027,0.09232175410208032
1028,0.09210378193555126
1029,0.09188872589955954
1030,0.09167658599410519
1031,0.0914673622191882
1032,0.09126105457480858
1033,0.09105766306096631
1034,0.09085718767766139
1035,0.09065962842489385
1036,0.09046498530266364
1037,0.09027325831097081
1038,0.09008444744981534
1039,0.0898985527191972
1040,0.08971557411911643
1041,0.08953551164957305
1042,0.089358365310567
1043,0.08918413510209833
1044,0.08901282102416697
1045,0.08884442307677301
1046,0.08867894125991642
1047,0.08851637557359715
1048,0.08835672601781526
1049,0.08819999259257072
1050,0.08804617529786356
1051,0.08789527413369373
1052,0.08774728910006126
1053,0.08760222019696616
1054,0.08746006742440841
1055,0.08732083078238805
1056,0.08718451027090501
1057,0.08705110588995936
1058,0.08692061763955103
1059,0.08679304551968008
1060,0.08666838953034649
1061,0.08654664967155025
1062,0.08642782594329139
1063,0.08631191834556987
1064,0.08619892687838569
1065,0.0860888515417389
1066,0.08598169233562947
1067,0.08587744926005737
1068,0.08577612231502267
1069,0.0856777115005253
1070,0.0855822168165653
1071,0.08548963826314264
1072,0.08539997584025734
1073,0.08531322954790942
1074,0.08522939938609884
1075,0.08514848535482564
1076,0.08507048745408978
1077,0.08499540568389129
1078,0.08492324004423016
1079,0.08485399053510637
1080,0.08478765715651994
1081,0.08472423990847089
1082,0.08466373879095918
1083,0.08460615380398484
1084,0.08455148494754784
1085,0.08449973222164821
1086,0.08445089562628594
1087,0.08440497516146103
1088,0.08436197082717346
1089,0.08432188262342329
1090,0.08428471055021045
1091,0.08425045460753498
1092,0.08421911479539684
1093,0.0841906911137961
1094,0.0841651835627327
1095,0.08414259214220664
1096,0.08412291685221795
1097,0.08410615769276665
1098,0.08409231466385267
1099,0.08408138776547606
1100,0.0840733769976368
1101,0.08406736565893315
1102,0.08406043761882774
1103,0.08405259287732054
1104,0.08404383143441159
1105,0.08403415329010087
1106,0.0840235584443884
1107,0.08401204689727415
1108,0.08399961864875816
1109,0.08398627369884037
1110,0.08397201204752085
1111,0.08395683369479953
1112,0.0839407386406765
1113,0.08392372688515166
1114,0.08390579842822507
1115,0.0838869532698967
1116,0.08386719141016657
1117,0.0838465128490347
1118,0.08382491758650105
1119,0.08380240562256565
1120,0.08377897695722845
1121,0.08375463159048953
1122,0.08372936952234881
1123,0.08370319075280636
1124,0.08367609528186212
1125,0.0836480831095161
1126,0.08361915423576835
1127,0.08358930866061882
1128,0.08355854638406754
1129,0.08352686740611448
1130,0.08349427172675965
1131,0.08346075934600308
1132,0.08342633026384473
1133,0.08339098448028462
1134,0.08335472199532273
1135,0.0833175428089591
1136,0.0832794469211937
1137,0.08324043433202653
1138,0.08320050504145758
1139,0.08315965904948688
1140,0.08311789635611444
1141,0.08307521696134021
1142,0.0830316208651642
1143,0.08298710806758645
1144,0.08294167856860693
1145,0.08289533236822566
1146,0.08284806946644262
1147,0.08279988986325779
1148,0.08275079355867124
1149,0.08270078055268287
1150,0.08264985084529278
1151,0.08259800443650091
1152,0.08254524132630726
1153,0.08249156151471188
1154,0.08243696500171471
1155,0.08238145178731579
1156,0.0823250218715151
1157,0.08226767525431265
1158,0.08220941193570842
1159,0.08215023191570245
1160,0.0820901351942947
1161,0.08202912177148518
1162,0.08196719164727391
1163,0.08190434482166087
1164,0.08184058129464607
1165,0.08177590106622949
1166,0.08171030413641119
1167,0.08164379050519106
1168,0.08157636017256921
1169,0.08150801313854558
1170,0.08143874940312018
1171,0.08136856896629303
1172,0.08129747182806411
1173,0.08122545798843345
1174,0.08115252744740101
1175,0.0810786802049668
1176,0.0810039162611308
1177,0.08092823561589307
1178,0.08085163826925357
1179,0.0807741242212123
1180,0.08069569347176926
1181,0.08061634602092448
1182,0.0805360818686779
1183,0.0804549010150296
1184,0.0803728034599795
1185,0.08028978920352764
1186,0.08020585824567403
1187,0.08012101058641864
1188,0.0800352462257615
1189,0.07994856516370259
1190,0.07986096740024193
1191,0.07977245293537948
1192,0.07968302176911526
1193,0.0795926739014493
1194,0.07950140933238156
1195,0.07940922806191208
1196,0.0793161300900408
1197,0.0792221154167678
1198,0.07912718404209301
1199,0.07903133596601646
1200,0.07893457118853814
1201,0.07883773506345015
1202,0.07874174429215429
1203,0.0786465988746505
1204,0.07855229881093882
1205,0.07845884410101925
1206,0.07836623474489177
1207,0.07827447074255639
1208,0.0781835520940131
1209,0.07809347879926194
1210,0.07800425085830287
1211,0.07791586827113589
1212,0.07782833103776102
1213,0.07774163915817825
1214,0.07765579263238757
1215,0.077570791460389
1216,0.07748663564218253
1217,0.07740332517776816
1218,0.07732086006714589
1219,0.07723924031031573
1220,0.07715846590727765
1221,0.07707853685803169
1222,0.07699945316257782
1223,0.07692121482091605
1224,0.07684382183304639
1225,0.07676727419896882
1226,0.07669157191868335
1227,0.07661671499219
1228,0.07654270341948873
1229,0.07646953720057957
1230,0.07639721633546251
1231,0.07632574082413755
1232,0.07625511066660469
1233,0.07618532586286393
1234,0.07611638641291527
1235,0.0760482923167587
1236,0.07598104357439425
1237,0.0759146401858219
1238,0.07584908215104164
1239,0.07578436947005347
1240,0.07572050214285743
1241,0.07565748016945348
1242,0.07559530354984162
1243,0.07553397228402185
1244,0.0754734863719942
1245,0.07541384581375865
1246,0.0753550506093152
1247,0.07529710075866386
1248,0.0752399962618046
1249,0.07518373711873745
1250,0.0751283233294624
1251,0.07507375489397947
1252,0.07502003181228861
1253,0.07496715408438986
1254,0.07491512171028322
1255,0.07486393468996867
1256,0.07481359302344623
1257,0.07476409671071588
1258,0.07471544575177765
1259,0.07466764014663149
1260,0.07462067989527746
1261,0.0745745649977155
1262,0.07452929545394567
1263,0.07448487126396794
1264,0.07444129242778229
1265,0.07439855894538874
1266,0.07435667081678732
1267,0.07431562804197797
1268,0.07427543062096073
1269,0.0742360785537356
1270,0.07419757184030255
1271,0.07415991048066162
1272,0.0741230944748128
1273,0.07408712382275605
1274,0.07405199852449142
1275,0.07401771858001889
1276,0.07398428398933847
1277,0.07395169475245013
1278,0.07391995086935389
1279,0.07388905234004976
1280,0.07385899916453773
1281,0.07382979134281781
1282,0.07380142887488998
1283,0.07377391176075425
1284,0.07374724000041062
1285,0.07372141359385909
1286,0.07369643254109966
1287,0.07367229684213235
1288,0.07364900649695712
1289,0.07362656150557399
1290,0.07360496186798297
1291,0.07358420758418405
1292,0.07356429865417723
1293,0.0735452350779625
1294,0.07352701685553988
1295,0.07350964398690936
1296,0.07349311647207095
1297,0.07347743431102462
1298,0.0734625975037704
1299,0.07344860605030828
1300,0.07343545995063827
1301,0.07341972464455834
1302,0.0734005547782764
1303,0.07337795035179244
1304,0.07335191136510648
1305,0.07332243781821848
1306,0.0732895297111285
1307,0.07325318704383649
1308,0.07321340981634246
1309,0.07317019802864642
1310,0.07312355168074837
1311,0.07307347077264832
1312,0.07301995530434624
1313,0.07296300527584215
1314,0.07290262068713606
1315,0.07283880153822794
1316,0.07277154782911782
1317,0.07270085955980568
1318,0.0726267367302915
1319,0.07254917934057535
1320,0.07246818739065716
1321,0.07238376088053698
1322,0.07229589981021477
1323,0.07220460417969055
1324,0.07210987398896432
1325,0.07201170923803607
1326,0.0719101099269058
1327,0.07180507605557353
1328,0.07169660762403925
1329,0.07158470463230296
1330,0.07146936708036464
1331,0.07135059496822431
1332,0.07122838829588198
1333,0.07110274706333762
1334,0.07097367127059126
1335,0.07084116091764288
1336,0.07070521600449248
1337,0.07056583653114008
1338,0.07042302249758566
1339,0.07027677390382922
1340,0.0701270907498708
1341,0.06997397303571032
1342,0.06981742076134785
1343,0.06965743392678338
1344,0.06949401253201688
1345,0.06932715657704837
1346,0.06915686606187785
1347,0.0689831409865053
1348,0.06880598135093076
1349,0.06862538715515419
1350,0.06844135839917562
1351,0.06825389508299502
1352,0.06806299720661242
1353,0.0678686647700278
1354,0.06767089777324117
1355,0.06746969621625254
1356,0.06726506009906187
1357,0.0670569894216692
1358,0.06684548418407453
1359,0.06663054438627783
1360,0.06641217002827912
1361,0.0661903611100784
1362,0.06596511763167566
1363,0.0657364395930709
1364,0.06550432699426416
1365,0.06526877983525538
1366,0.06502979811604459
1367,0.06478738183663178
1368,0.06454153099701698
1369,0.06429224559720015
1370,0.06403952563718131
1371,0.06378337111696045
1372,0.0635237820365376
1373,0.0632607583959127
1374,0.06299430019508581
1375,0.06272440743405691
1376,0.062451080112825984
1377,0.06217431823139304
1378,0.06189412178975811
1379,0.06161049078792115
1380,0.061323425225882175
1381,0.061032925103641195
1382,0.06073899042119819
1383,0.06044162117855317
1384,0.06014081737570615
1385,0.05983657901265711
1386,0.05952890608940606
1387,0.059217798605953
1388,0.05890325656229792
1389,0.05858527995844083
1390,0.058263868794381724
1391,0.057939023070120596
1392,0.05761074278565747
1393,0.05727902794099233
1394,0.056943878536125175
1395,0.056605294571055995
1396,0.056263276045784814
1397,0.055917822960311614
1398,0.05556893531463641
1399,0.05521661310875919
1400,0.054860856342679946
1401,0.05450502468975051
1402,0.0541525527101729
1403,0.05380344040394709
1404,0.053457687771073105
1405,0.05311529481155094
1406,0.052776261525380584
1407,0.05244058791256205
1408,0.05210827397309533
1409,0.05177931970698042
1410,0.05145372511421734
1411,0.05113149019480607
1412,0.05081261494874661
1413,0.05049709937603897
1414,0.050184943476683154
1415,0.04987614725067914
1416,0.04957071069802694
1417,0.04926863381872657
1418,0.04896991661277801
1419,0.04867455908018128
1420,0.04838256122093635
1421,0.04809392303504324
1422,0.04780864452250194
1423,0.04752672568331247
1424,0.04724816651747481
1425,0.04697296702498897
1426,0.046701127205854925
1427,0.046432647060072725
1428,0.046167526587642324
1429,0.04590576578856374
1430,0.045647364662836976
1431,0.045392323210462035
1432,0.04514064143143891
1433,0.04489231932576758
1434,0.044647356893448086
1435,0.044405754134480405
1436,0.04416751104886453
1437,0.04393262763660048
1438,0.04370110389768825
1439,0.043472939832127834
1440,0.04324813543991923
1441,0.04302669072106244
1442,0.04280860567555747
1443,0.04259388030340432
1444,0.04238251460460299
1445,0.04217450857915346
1446,0.04196986222705576
1447,0.041768575548309865
1448,0.0415706485429158
1449,0.041376081210873536
1450,0.041184873552183095
1451,0.04099702556684448
1452,0.04081253725485767
1453,0.04063140861622267
1454,0.040453639650939496
1455,0.040279230359008135
1456,0.040108180740428594
1457,0.039940490795200866
1458,0.03977616052332496
1459,0.03961518992480086
1460,0.03945757899962859
1461,0.03930332774780813
1462,0.03915243616933948
1463,0.03900490426422265
1464,0.038860732032457636
1465,0.038719919474044434
1466,0.03858246658898306
1467,0.0384483733772735
1468,0.03831763983891574
1469,0.03819026597390981
1470,0.0380662517822557
1471,0.0379455972639534
1472,0.03782830241900291
1473,0.03771436724740425
1474,0.03760379174915739
1475,0.037496575924262365
1476,0.037392719772719143
1477,0.037292223294527735
1478,0.037195086489688146
1479,0.03710130935820038
1480,0.03701089190006443
1481,0.03692383411528029
1482,0.036840136003847966
1483,0.03675979756576746
1484,0.03668281880103877
1485,0.0366091997096619
1486,0.03653894029163684
1487,0.036472040546963604
1488,0.036408500475642175
1489,0.036348320077672566
1490,0.03629149935305478
1491,0.036238038301788796
1492,0.03618793692387464
1493,0.0361411952193123
1494,0.03609781318810177
1495,0.036057790830243054
1496,0.03602112814573616
1497,0.03598782513458108
1498,0.03595788179677782
1499,0.03593129813232637
1500,0.035908074141226744
1501,0.03588742315812604
1502,0.03586598550967245
1503,0.035843761195865964
1504,0.035820750216706596
1505,0.03579695257219433
1506,0.035772368262329185
1507,0.03574699728711114
1508,0.035720839646540214
1509,0.03569389534061639
1510,0.035666164369339684
1511,0.03563764673271009
1512,0.03560834243072761
1513,0.035578251463392226
1514,0.03554737383070396
1515,0.0355157095326628
1516,0.03548325856926876
1517,0.03545002094052182
1518,0.035415996646422
1519,0.03538118568696929
1520,0.03534558806216369
1521,0.03530920377200519
1522,0.03527203281649381
1523,0.035234075195629544
1524,0.03519533090941238
1525,0.03515579995784233
1526,0.03511548234091939
1527,0.035074378058643566
1528,0.035032487111014844
1529,0.034989809498033236
1530,0.03494634521969874
1531,0.034902094276011354
1532,0.03485705666697108
1533,0.03481123239257792
1534,0.03476462145283186
1535,0.03471722384773292
1536,0.03466903957728108
1537,0.034620068641476355
1538,0.03457031104031875
1539,0.03451976677380825
1540,0.03446843584194485
1541,0.03441631824472858
1542,0.034363413982159405
1543,0.034309723054237344
1544,0.03425524546096239
1545,0.034199981202334556
1546,0.03414393027835383
1547,0.034087092689020215
1548,0.0340294684343337
1549,0.03397105751429431
1550,0.03391185992890203
1551,0.03385187567815685
1552,0.033791104762058786
1553,0.03372954718060783
1554,0.033667202933803986
1555,0.03360407202164726
1556,0.03354015444413764
1557,0.033475450201275125
1558,0.033409959293059725
1559,0.03334368171949143
1560,0.03327661748057025
1561,0.033208766576296185
1562,0.033140129006669225
1563,0.03307070477168938
1564,0.033000493871356645
1565,0.03292949630567102
1566,0.0328577120746325
1567,0.03278514117824109
1568,0.0327117836164968
1569,0.03263763938939961
1570,0.03256270849694954
1571,0.03248699093914658
1572,0.03241048671599073
1573,0.03233319582748198
1574,0.03225511827362035
1575,0.03217625405440583
1576,0.03209660316983842
1577,0.032016165619918116
1578,0.03193494140464493
1579,0.03185293052401885
1580,0.031770132978039885
1581,0.031686548766708025
1582,0.03160217789002328
1583,0.03151702034798564
1584,0.03143107614059512
1585,0.0313443452678517
1586,0.031256827729755396
1587,0.031168523526306207
1588,0.031079432657504125
1589,0.03098955512334915
1590,0.030898890923841283
1591,0.030807440058980534
1592,0.030715202528766895
1593,0.030622178333200367
1594,0.03052836747228094
1595,0.030433769946008632
1596,0.030338385754383437
1597,0.030242214897405348
1598,0.030145257375074373
1599,0.0300475131873905
1600,0.02994898233435375
1601,0.029853170625421078
1602,0.029760864725945375
1603,0.02967206463592665
1604,0.029586770355364906
1605,0.02950498188426013
1606,0.02942669922261233
1607,0.029351922370421505
1608,0.029280651327687653
1609,0.029212886094410775
1610,0.029148626670590875
1611,0.029087873056227946
1612,0.029030625251321992
1613,0.028976883255873012
1614,0.028926647069881007
1615,0.02887991669334598
1616,0.02883669212626792
1617,0.02879697336864684
1618,0.028760760420482735
1619,0.028728053281775603
1620,0.02869885195252544
1621,0.02867315643273226
1622,0.02865096672239605
1623,0.02863228282151681
1624,0.02861710473009455
1625,0.028605432448129263
1626,0.028597265975620952
1627,0.028592605312569613
1628,0.028591450458975255
1629,0.02859380141483786
1630,0.028599658180157448
1631,0.028609020754934003
1632,0.028621889139167543
1633,0.028638263332858047
1634,0.028658143336005526
1635,0.028681529148609986
1636,0.028708420770671417
1637,0.028738818202189823
1638,0.0287727214431652
1639,0.02881013049359756
1640,0.028851045353486888
1641,0.02889546602283319
1642,0.028943392501636467
1643,0.02899482478989672
1644,0.029049762887613944
1645,0.02910820679478815
1646,0.029170156511419323
1647,0.02923561203750747
1648,0.029304573373052593
1649,0.02937704051805469
1650,0.029453013472513764
1651,0.02953249223642981
1652,0.029615476809802834
1653,0.029701967192632822
1654,0.029791963384919795
1655,0.02988546538666374
1656,0.02998247319786466
1657,0.03008298681852255
1658,0.03018700624863742
1659,0.030294531488209257
1660,0.030405562537238078
1661,0.030520099395723865
1662,0.03063814206366663
1663,0.03075969054106637
1664,0.030884744827923083
1665,0.03101330492423677
1666,0.031145370830007433
1667,0.03128094254523507
1668,0.03142002006991968
1669,0.031562603404061265
1670,0.031708692547659824
1671,0.03185828750071536
1672,0.03201138826322787
1673,0.032167994835197354
1674,0.03232810721662381
1675,0.03249172540750724
1676,0.03265884940784765
1677,0.03282947921764502
1678,0.033003614836899384
1679,0.033181256265610706
1680,0.03336240350377902
1681,0.03354705655140429
1682,0.03373521540848654
1683,0.03392688007502576
1684,0.03412205055102197
1685,0.03432072683647514
1686,0.03452290893138529
1687,0.03472859683575242
1688,0.03493779054957651
1689,0.03515049007285759
1690,0.03536669540559564
1691,0.03558640654779066
1692,0.03580962349944265
1693,0.036036346260551626
1694,0.036266574831117566
1695,0.03650030921114049
1696,0.03673754940062037
1697,0.03697829539955724
1698,0.03722254720795109
1699,0.0374703048258019
1700,0.0377215682531097
1701,0.037968818979600416
1702,0.0382085511958171
1703,0.03844076490175974
1704,0.038665460097428335
1705,0.03888263678282289
1706,0.039092294957943405
1707,0.03929443462278987
1708,0.0394890557773623
1709,0.03967615842166069
1710,0.03985574255568503
1711,0.04002780817943533
1712,0.0401923552929116
1713,0.04034938389611381
1714,0.04049889398904199
1715,0.04064088557169613
1716,0.040775358644076214
1717,0.04090231320618227
1718,0.04102174925801427
1719,0.04113366679957224
1720,0.04123806583085617
1721,0.04133494635186605
1722,0.041424308362601886
1723,0.04150615186306369
1724,0.04158047685325144
1725,0.04164728333316516
1726,0.041706571302804835
1727,0.041758340762170464
1728,0.04180259171126205
1729,0.0418393241500796
1730,0.0418685380786231
1731,0.04189023349689256
1732,0.04190441040488799
1733,0.04191106880260936
1734,0.041910208690056704
1735,0.04190183006722999
1736,0.04188593293412925
1737,0.04186251729075446
1738,0.04183158313710562
1739,0.04179313047318274
1740,0.04174715929898583
1741,0.04169366961451488
1742,0.04163266141976987
1743,0.04156413471475083
1744,0.04148808949945775
1745,0.04140452577389062
1746,0.04131344353804946
1747,0.04121484279193424
1748,0.041108723535545
1749,0.04099508576888169
1750,0.040873929491944364
1751,0.04074525470473298
1752,0.04060906140724756
1753,0.040465349599488096
1754,0.04031411928145459
1755,0.04015537045314705
1756,0.03998910311456546
1757,0.03981531726570983
1758,0.03963401290658016
1759,0.03944519003717645
1760,0.03924884865749869
1761,0.03904498876754689
1762,0.038833610367321046
1763,0.038614713456821166
1764,0.038388298036047236
1765,0.038154364104999276
1766,0.037912911663677266
1767,0.03766394071208122
1768,0.037407451250211124
1769,0.03714344327806699
1770,0.03687191679564881
1771,0.036592871802956596
1772,0.036306308299990334
1773,0.03601222628675003
1774,0.035710625763235686
1775,0.035401506729447293
1776,0.03508486918538487
1777,0.03476071313104839
1778,0.034429038566437885
1779,0.03408984549155333
1780,0.03374313390639473
1781,0.033388903810962094
1782,0.03302715520525541
1783,0.03265788808927469
1784,0.03228110246301993
1785,0.031896798326491116
1786,0.03150497567968827
1787,0.03110563452261138
1788,0.030698774855260447
1789,0.03028439667763547
1790,0.029862499989736453
1791,0.029433084791563393
1792,0.02899615108311629
1793,0.02855169886439515
1794,0.028099728135399966
1795,0.027640238896130737
1796,0.027173231146587463
1797,0.02669870488677016
1798,0.026216660116678805
1799,0.025727096836313405
1800,0.025230015045673973
1801,0.024739093296023775
1802,0.024261850097636862
1803,0.02379828545051324
1804,0.023348399354652893
1805,0.022912191810055837
1806,0.022489662816722062
1807,0.022080812374651575
1808,0.02168564048384437
1809,0.02130414714430045
1810,0.020936332356019813
1811,0.020582196119002458
1812,0.020241738433248394
1813,0.01991495929875761
1814,0.01960185871553011
1815,0.019302436683565894
1816,0.019016693202864962
1817,0.018744628273427315
1818,0.018486241895252956
1819,0.018241534068341878
1820,0.018010504792694084
1821,0.017793154068309575
1822,0.01758948189518835
1823,0.017399488273330408
1824,0.01722317320273575
1825,0.01706053668340438
1826,0.01691157871533629
1827,0.016776299298531486
1828,0.01665469843298997
1829,0.01654677611871173
1830,0.016452532355696783
1831,0.016371967143945117
1832,0.016305080483456733
1833,0.016251872374231636
1834,0.01621234281626982
1835,0.016186491809571293
1836,0.016174319354136046
1837,0.016175825449964088
1838,0.01619101009705541
1839,0.01621987329541002
1840,0.01626241504502791
1841,0.016318635345909088
1842,0.016388534198053546
1843,0.01647211160146129
1844,0.016569367556132322
1845,0.016680302062066634
1846,0.01680491511926423
1847,0.016943206727725115
1848,0.017095176887449284
1849,0.01726082559843673
1850,0.017440152860687466
1851,0.017633158674201486
1852,0.01783984303897879
1853,0.01806020595501938
1854,0.01829424742232325
1855,0.018541967440890407
1856,0.018803366010720846
1857,0.019078443131814574
1858,0.019367198804171582
1859,0.019669633027791875
1860,0.01998574580267545
1861,0.020315537128822312
1862,0.020659007006232463
1863,0.02101615543490589
1864,0.021386982414842607
1865,0.021771487946042608
1866,0.02216967202850589
1867,0.02258153466223246
1868,0.023007075847222308
1869,0.023446295583475444
1870,0.023899193870991868
1871,0.024365770709771573
1872,0.02484602609981456
1873,0.025339960041120834
1874,0.02584757253369039
1875,0.026368863577523237
1876,0.02690383317261936
1877,0.027452481318978775
1878,0.028014808016601465
1879,0.028590813265487444
1880,0.02918049706563671
1881,0.02978385941704926
1882,0.030400900319725088
1883,0.031031619773664205
1884,0.031676017778866604
1885,0.0323340943353323
1886,0.03300584944306126
1887,0.033691283102053514
1888,0.03439039531230905
1889,0.035103186073827876
1890,0.03582965538660998
1891,0.036569803250655376
1892,0.037323629665964045
1893,0.03809113463253601
1894,0.038872318150371246
1895,0.03966718021946978
1896,0.04047572083983159
1897,0.04129794001145669
1898,0.042133837734345064
1899,0.04298341400849673
1900,0.04384666883391168
1901,0.044285135522250794
1902,0.044723602210589915
1903,0.045162068898929035
1904,0.04560053558726815
1905,0.04603900227560726
1906,0.04647746896394638
1907,0.0469159356522855
1908,0.047354402340624616
1909,0.047792869028963736
1910,0.04823133571730285
1911,0.04866980240564197
1912,0.04910826909398108
1913,0.0495467357823202
1914,0.049985202470659316
1915,0.05042366915899843
1916,0.05086213584733755
1917,0.05130060253567666
1918,0.051739069224015784
1919,0.0521775359123549
1920,0.05261600260069402
1921,0.05305446928903314
1922,0.053492935977372244
1923,0.05393140266571137
1924,0.054369869354050485
1925,0.054808336042389605
1926,0.055246802730728725
1927,0.05568526941906783
1928,0.056123736107406945
1929,0.05656220279574607
1930,0.05700066948408518
1931,0.0574391361724243
1932,0.05787760286076342
1933,0.05831606954910254
1934,0.05875453623744165
1935,0.059193002925780766
1936,0.059631469614119886
1937,0.060069936302459
1938,0.06050840299079812
1939,0.06094686967913724
1940,0.061385336367476354
1941,0.06182380305581547
1942,0.06226226974415459
1943,0.0627007364324937
1944,0.06313920312083282
1945,0.06357766980917194
1946,0.06401613649751106
1947,0.06445460318585017
1948,0.06489306987418929
1949,0.06533153656252841
1950,0.06577000325086753
