year,gdp_smooth
1,42055144.48698146
2,42072621.43982132
3,42090108.056595236
4,42107604.34330994
5,42125110.3059761
6,42142625.950608395
7,42160151.28322547
8,42177686.30985
9,42195231.03650858
10,42212785.46923189
11,42230349.614054516
12,42247923.47701511
13,42265507.064156294
14,42283100.38152471
15,42300703.43517101
16,42318316.23114985
17,42335938.775519885
18,42353571.07434382
19,42371213.13368835
20,42388864.959624216
21,42406526.55822617
22,42424197.93557298
23,42441879.09774747
24,42459570.05083648
25,42477270.80093091
26,42494981.354125656
27,42512701.71651969
28,42530431.89421603
29,42548171.89332171
30,42565921.719947845
31,42583681.380209595
32,42618928.763508566
33,42654205.321786985
34,42689511.07919359
35,42724846.0598971
36,42760210.28808622
37,42795603.7879697
38,42831026.583776325
39,42866478.69975491
40,42901960.160174385
41,42937470.989323735
42,42973011.211512044
43,43008580.85106854
44,43044179.9323426
45,43079808.4797037
46,43115466.51754155
47,43151154.07026599
48,43186871.162307136
49,43222617.818115264
50,43258394.0621609
51,43294199.91893483
52,43330035.41294814
53,43365900.56873214
54,43401795.41083854
55,43437719.963839255
56,43473674.25232663
57,43509658.300913334
58,43545672.1342324
59,43581715.77693728
60,43617789.2537018
61,43653892.58922021
62,43690025.80820722
63,43726188.93539799
64,43762381.995548144
65,43798605.013433814
66,43834858.01385163
67,43871141.02161873
68,43907454.06157283
69,43943797.158572175
70,43980170.337495595
71,44016573.62324252
72,44053007.040732965
73,44089470.614907615
74,44125964.370727755
75,44162488.33317537
76,44199042.527253084
77,44235626.977984235
78,44272241.71041288
79,44308886.7496038
80,44345562.12064253
81,44382267.84863534
82,44419003.95870931
83,44455770.476012304
84,44492567.425713025
85,44529394.83300098
86,44566252.72308653
87,44603141.12120091
88,44640060.052596256
89,44677009.54254557
90,44713989.6163428
91,44751000.2993028
92,44788041.61676144
93,44825113.5940755
94,44862216.25662277
95,44899349.62980204
96,44936513.73903312
97,44973708.609756894
98,45010934.26743525
99,45048190.737551205
100,45085478.04560883
101,45122796.21713332
102,45160145.277670994
103,45197525.252789326
104,45234936.16807694
105,45272378.04914365
106,45309850.92162047
107,45347354.81115961
108,45384889.74343454
109,45422455.74413996
110,45460052.838991836
111,45497681.05372745
112,45535340.414105356
113,45573030.94590542
114,45610752.67492889
115,45648505.626998335
116,45686289.82795772
117,45724105.303672366
118,45761952.08002905
119,45799830.18293594
120,45837739.638322674
121,45875680.47214031
122,45913652.71036145
123,45951656.37898015
124,45989691.504011996
125,46027758.1114941
126,46065856.22748513
127,46103985.87806531
128,46142147.089336485
129,46180339.88742207
130,46218564.298467115
131,46256820.348638326
132,46295108.06412405
133,46333427.471134305
134,46371778.59590081
135,46410161.46467703
136,46448576.1037381
137,46487022.53938095
138,46525500.79792425
139,46564010.90570847
140,46602552.88909589
141,46641126.77447056
142,46679732.588238455
143,46718370.35682733
144,46757040.10668686
145,46795741.86428858
146,46834475.656125955
147,46873241.50871437
148,46912039.448591195
149,46950869.50231569
150,46989731.69646918
151,47028626.05765493
152,47067552.61249828
153,47106511.38764655
154,47145502.409769155
155,47184525.70555756
156,47223581.301725365
157,47262669.225008234
158,47301789.502164
159,47340942.1599726
160,47380127.22523617
161,47419344.72477903
162,47458594.6854477
163,47497877.134110905
164,47537192.097659625
165,47576539.6030071
166,47615919.677088834
167,47655332.346862644
168,47694777.63930864
169,47734255.58142929
170,47773766.20024937
171,47813309.52281608
172,47852885.57619896
173,47892494.38748998
174,47932135.983803555
175,47971810.39227647
176,48011517.64006806
177,48051257.75436008
178,48091030.76235682
179,48130836.69128506
180,48170675.568394125
181,48210547.42095589
182,48250452.27626485
183,48290390.16163801
184,48330361.10441505
185,48370365.13195824
186,48410402.27165254
187,48450472.550905555
188,48490575.99714756
189,48530712.637831554
190,48570882.500433266
191,48611085.612451136
192,48651322.001406394
193,48691591.69484305
194,48731894.720327884
195,48772231.10545054
196,48812600.87782346
197,48853004.06508194
198,48893440.69488417
199,48933910.79491124
200,48974414.39286713
201,49014951.51647876
202,49055522.19349602
203,49096126.4516917
204,49136764.31886167
205,49177435.82282476
206,49218140.991422825
207,49258879.852520764
208,49299652.43400656
209,49340458.76379125
210,49381298.86980901
211,49422172.780017115
212,49463080.522395976
213,49504022.12494917
214,49544997.61570347
215,49586007.022708826
216,49627050.3740384
217,49668127.69778861
218,49709239.02207914
219,49750384.37505291
220,49791563.78487616
221,49832777.27973844
222,49874024.88785265
223,49915306.63745501
224,49956622.55680513
225,49997972.674186006
226,50039357.01790406
227,50080775.61628911
228,50122228.497694455
229,50163715.690496854
230,50205237.22309655
231,50246793.1239173
232,50288383.421406366
233,50330008.14403459
234,50371667.32029635
235,50413360.97870963
236,50455089.147816025
237,50496851.856180705
238,50538649.13239256
239,50580481.00506408
240,50622347.50283147
241,50664248.65435462
242,50706184.48831716
243,50748155.033426456
244,50790160.31841363
245,50832200.37203358
246,50874275.22306504
247,50916384.90031051
248,50958529.43259636
249,51000708.848772846
250,51042923.17771406
251,51085172.448318
252,51127456.689506605
253,51169775.93022575
254,51212130.199445255
255,51254519.52615894
256,51296943.93938457
257,51339403.468164
258,51381898.14156308
259,51424427.98867175
260,51466993.03860398
261,51509593.32049788
262,51552228.86351567
263,51594899.69684368
264,51637605.84969246
265,51680347.351296656
266,51723124.23091519
267,51765936.51783114
268,51808784.24135187
269,51851667.43080898
270,51894586.11555833
271,51937540.324980125
272,51980530.08847885
273,52023555.43548334
274,52066616.39544679
275,52109712.997846775
276,52152845.27218527
277,52196013.24798868
278,52239216.95480781
279,52282456.422217965
280,52325731.67981892
281,52369042.75723494
282,52412389.68411483
283,52455772.49013191
284,52499191.20498408
285,52542645.858393826
286,52586136.48010822
287,52629663.09989896
288,52673225.74756238
289,52716824.4529195
290,52760459.245816015
291,52804130.156122304
292,52847837.213733494
293,52891580.44856945
294,52935359.89057479
295,52979175.56971894
296,53023027.51599611
297,53066915.75942536
298,53110840.33005057
299,53154801.2579405
300,53198798.57318883
301,53242832.30591409
302,53286902.48625978
303,53331009.144394346
304,53375152.31051118
305,53419332.014828704
306,53463548.28759034
307,53507801.1590645
308,53552090.659544736
309,53596416.81934959
310,53640779.668822736
311,53685179.23833297
312,53729615.558274224
313,53774088.659065574
314,53818598.57115128
315,53863145.3250008
316,53907728.95110881
317,53952349.479995266
318,53997006.9422053
319,54041701.36830942
320,54086432.78890337
321,54131201.23460827
322,54176006.736070536
323,54220849.323961996
324,54265729.02897982
325,54310645.881846644
326,54355599.91331048
327,54400591.15414482
328,54445619.63514862
329,54490685.38714633
330,54535788.44098791
331,54580928.827548854
332,54626106.57773023
333,54671321.72245866
334,54716574.29268637
335,54761864.319391236
336,54807191.833576724
337,54852556.866271995
338,54897959.44853189
339,54943399.61143693
340,54988877.38609342
341,55034392.80363335
342,55079945.89521451
343,55125536.692020476
344,55171165.22526063
345,55216831.526170194
346,55262535.62601023
347,55308277.55606769
348,55354057.34765542
349,55399875.03211219
350,55445730.64080269
351,55491624.20511759
352,55537555.75647353
353,55583525.32631316
354,55629532.94610517
355,55675578.647344254
356,55721662.46155124
357,55767784.42027299
358,55813944.555082485
359,55860142.89757889
360,55906379.47938746
361,55952654.33215966
362,55998967.487573154
363,56045318.97733182
364,56091708.83316577
365,56138137.0868314
366,56184603.77011137
367,56231108.914814666
368,56277652.5527766
369,56324234.7158588
370,56370855.43594933
371,56417514.744962595
372,56464212.674839444
373,56510949.25754715
374,56557724.52507943
375,56604538.50945654
376,56651391.24272519
377,56698282.75695863
378,56745213.08425665
379,56792182.256745614
380,56839190.3065785
381,56886237.265934855
382,56933323.16702091
383,56980448.04206951
384,57027611.92334022
385,57074814.84311927
386,57122056.83371964
387,57169337.92748105
388,57216658.156769976
389,57264017.55397971
390,57311416.1515303
391,57358853.98186874
392,57406331.07746874
393,57453847.47083099
394,57501403.194483064
395,57548998.280979425
396,57596632.7629015
397,57644306.67285771
398,57692020.04348342
399,57739772.907441065
400,57787565.29742005
401,57835397.24613688
402,57883268.786335155
403,57931179.95078551
404,57979130.77228578
405,58027121.28366091
406,58075151.51776301
407,58123221.507471405
408,58171331.285692625
409,58219480.88536042
410,58267670.33943582
411,58315899.680907145
412,58364168.94278999
413,58412478.15812731
414,58460827.35998938
415,58509216.58147388
416,58557645.85570587
417,58606115.21583781
418,58654624.69504963
419,58703174.32654872
420,58751764.14356994
421,58800394.17937565
422,58849064.467255786
423,58897775.04052781
424,58946525.93253675
425,58995317.17665526
426,59044148.80628361
427,59093020.854849696
428,59141933.35580911
429,59190886.34264512
430,59239879.84886871
431,59288913.90801862
432,59337988.553661324
433,59387103.81939109
434,59436259.73882999
435,59485456.345627956
436,59534693.67346271
437,59583971.75603992
438,59633290.627093084
439,59682650.32038369
440,59732050.869701125
441,59781492.308862746
442,59830974.67171394
443,59880497.99212805
444,59930062.30400652
445,59979667.64127878
446,60029314.03790243
447,60079001.52786312
448,60128730.14517464
449,60178499.92387892
450,60228310.89804612
451,60278163.10177456
452,60328056.56919077
453,60377991.33444957
454,60427967.43173401
455,60477984.89525546
456,60528043.75925361
457,60578144.05799646
458,60628285.825780414
459,60678469.096930236
460,60728693.90579911
461,60778960.28676866
462,60829268.27424896
463,60879617.90267856
464,60930009.20652454
465,60980442.22028248
466,61030916.97847654
467,61081433.51565944
468,61131991.86641249
469,61182592.065345645
470,61233234.1470975
471,61283918.146335326
472,61334644.097755075
473,61385412.036081426
474,61436221.9960678
475,61487074.01249637
476,61537968.12017815
477,61588904.35395289
478,61639882.748689234
479,61690903.33928468
480,61741966.1606656
481,61793071.24778726
482,61844218.6356339
483,61895408.35921867
484,61946640.45358376
485,61997914.95380031
486,62049231.8949685
487,62100591.31221759
488,62151993.24070591
489,62203437.71562084
490,62254924.77217896
491,62306454.44562597
492,62358026.77123672
493,62409641.78431529
494,62461299.52019496
495,62513000.01423828
496,62564743.301837035
497,62616529.41841235
498,62668358.39941463
499,62720230.28032363
500,62772145.0966485
501,62824102.88392773
502,62876103.6777293
503,62928147.51365056
504,62980234.42731835
505,63032364.454389
506,63084537.63054837
507,63136753.99151184
508,63189013.57302433
509,63241316.410860404
510,63293662.5408242
511,63346051.99874947
512,63398484.82049969
513,63450961.04196796
514,63503480.699077114
515,63556043.827779725
516,63608650.464058116
517,63661300.6439244
518,63713994.4034205
519,63766731.778618164
520,63819512.80561899
521,63872337.520554475
522,63925205.95958601
523,63978118.158904925
524,64031074.15473251
525,64084073.98332003
526,64137117.68094875
527,64190205.28392997
528,64243336.828605056
529,64296512.351345435
530,64349731.888552666
531,64402995.476658404
532,64456303.152124494
533,64509654.95144293
534,64563050.91113595
535,64616491.06775597
536,64669975.45788571
537,64723504.118138134
538,64777077.085156545
539,64830694.39561455
540,64884356.08621611
541,64938062.19369559
542,64991812.754817754
543,65045607.80637777
544,65099447.385201305
545,65153331.52814446
546,65207260.272093885
547,65261233.65396674
548,65315251.71071074
549,65369314.4793042
550,65423421.99675604
551,65477574.30010578
552,65531771.42642364
553,65586013.41281049
554,65640300.29639794
555,65694632.114348315
556,65749008.90385471
557,65803430.702141
558,65857897.54646188
559,65912409.47410285
560,65966966.52238032
561,66021568.72864154
562,66076216.13026472
563,66130908.76465896
564,66185646.66926437
565,66240429.881552026
566,66295258.439024
567,66350132.37921346
568,66405051.73968459
569,66460016.558032684
570,66515026.87188417
571,66570082.71889658
572,66625184.13675868
573,66680331.16319036
574,66735523.83594277
575,66790762.19279832
576,66846046.27157066
577,66901376.11010476
578,66956751.746276915
579,67012173.21799476
580,67067640.56319731
581,67123153.81985499
582,67178713.02596964
583,67234318.21957459
584,67289969.4387346
585,67345666.72154598
586,67401410.10613655
587,67457199.63066567
588,67513035.33332434
589,67568917.25233515
590,67624845.42595229
591,67680819.89246164
592,67736840.69018081
593,67792907.85745905
594,67849021.43267742
595,67905181.45424871
596,67961387.96061751
597,68017640.99026026
598,68073940.58168519
599,68130286.77343245
600,68186679.60407409
601,68243119.11221407
602,68299605.33648832
603,68356138.31556472
604,68412718.08814318
605,68469344.69295564
606,68526018.16876611
607,68582738.55437066
608,68639505.88859747
609,68696320.21030691
610,68753181.55839145
611,68810089.9717758
612,68867045.48941685
613,68924048.15030377
614,68981097.993458
615,69038195.05793324
616,69095339.38281557
617,69152531.00722337
618,69209769.97030742
619,69267056.31125094
620,69324390.06926954
621,69381771.2836113
622,69439199.99355677
623,69496676.23841906
624,69554200.05754378
625,69611771.49030912
626,69669390.57612586
627,69727057.35443741
628,69784771.86471982
629,69842534.14648181
630,69900344.23926483
631,69958202.18264303
632,70016108.01622331
633,70074061.77964538
634,70132063.51258177
635,70190113.2547378
636,70248211.04585168
637,70306356.92569454
638,70364550.93407036
639,70422793.11081618
640,70481083.49580188
641,70539422.12893042
642,70597809.05013779
643,70656244.29939301
644,70714727.9166982
645,70773259.94208857
646,70831840.41563252
647,70890469.37743151
648,70949146.86762032
649,71007872.92636684
650,71066647.5938723
651,71125470.91037114
652,71184342.91613112
653,71243263.65145338
654,71302233.15667233
655,71361251.47215582
656,71420318.6383051
657,71479434.69555487
658,71538599.6843733
659,71597813.64526206
660,71657076.6187563
661,71716388.64542478
662,71775749.76586981
663,71835160.02072729
664,71894619.4506668
665,71954128.09639159
666,72013685.9986385
667,72073293.19817822
668,72132949.73581508
669,72192655.65238726
670,72252410.98876673
671,72312215.78585923
672,72372070.08460446
673,72431973.92597587
674,72491927.350981
675,72551930.40066114
676,72611983.11609173
677,72672085.53838208
678,72732237.7086756
679,72792439.66814968
680,72852691.45801589
681,72912993.11951986
682,72973344.69394135
683,73033746.22259432
684,73094197.74682686
685,73154699.30802141
686,73215250.94759451
687,73275852.70699711
688,73336504.62771438
689,73397206.75126588
690,73457959.11920553
691,73518761.77312163
692,73579614.75463691
693,73640518.10540858
694,73701471.86712827
695,73762476.08152212
696,73823530.79035091
697,73884636.03540988
698,73945791.8585289
699,74006998.30157247
700,74068255.40643974
701,74129563.21506451
702,74190921.76941535
703,74252331.11149554
704,74313791.28334306
705,74375302.32703082
706,74436864.28466645
707,74498477.19839248
708,74560141.11038627
709,74621856.06286016
710,74683622.09806138
711,74745439.25827217
712,74807307.58580975
713,74869227.12302633
714,74931197.91230921
715,74993219.9960808
716,75055293.41679858
717,75117418.2169552
718,75179594.43907845
719,75241822.12573136
720,75304101.31951217
721,75366432.0630544
722,75428814.3990268
723,75491248.37013349
724,75553734.01911396
725,75616271.38874303
726,75678860.5218309
727,75741501.46122327
728,75804194.2498013
729,75866938.93048158
730,75929735.5462163
731,75992584.13999312
732,76055484.75483537
733,76118437.43380192
734,76181442.21998733
735,76244499.1565218
736,76307608.28657125
737,76370769.6533373
738,76433983.30005737
739,76497249.27000463
740,76560567.6064881
741,76623938.35285261
742,76687361.5524789
743,76750837.24878362
744,76814365.48521931
745,76877946.30527456
746,76941579.75247385
747,77005265.8703778
748,77069004.70258297
749,77132796.2927221
750,77196640.68446402
751,77260537.92151366
752,77324488.0476122
753,77388491.10653695
754,77452547.14210153
755,77516656.19815575
756,77580818.31858577
757,77645033.54731405
758,77709301.92829946
759,77773623.50553712
760,77837998.32305872
761,77902426.42493235
762,77966907.85526247
763,78031442.65819024
764,78096030.87789316
765,78160672.55858545
766,78225367.74451783
767,78290116.47997765
768,78354918.80928902
769,78419774.77681263
770,78484684.42694594
771,78549647.80412312
772,78614664.95281513
773,78679735.91752978
774,78744860.74281171
775,78810039.47324237
776,78875272.15344016
777,78940558.82806043
778,79005899.54179543
779,79071294.3393745
780,79136743.26556388
781,79202246.36516693
782,79267803.68302414
783,79333415.26401304
784,79399081.15304832
785,79464801.39508188
786,79530576.03510281
787,79596405.1181374
788,79662288.6892493
789,79728226.79353936
790,79794219.47614582
791,79860266.78224428
792,79926368.7570477
793,79992525.4458065
794,80058736.89380851
795,80125003.14637913
796,80191324.24888119
797,80257700.24671508
798,80324131.18531881
799,80390617.11016797
800,80457158.06677583
801,80523754.10069326
802,80590405.25750887
803,80657111.58284906
804,80723873.1223779
805,80790689.9217973
806,80857562.02684702
807,80924489.48330468
808,80991472.33698574
809,81058510.63374361
810,81125604.4194697
811,81192753.74009329
812,81259958.64158183
813,81327219.16994068
814,81394535.37121338
815,81461907.29148151
816,81529334.97686481
817,81596818.47352123
818,81664357.82764691
819,81731953.08547617
820,81799604.2932817
821,81867311.49737445
822,81935074.74410363
823,82002894.07985689
824,82070769.55106029
825,82138701.20417827
826,82206689.08571377
827,82274733.2422082
828,82342833.72024146
829,82410990.56643206
830,82479203.82743709
831,82547473.5499522
832,82615799.78071177
833,82684182.56648885
834,82752621.95409514
835,82821117.99038114
836,82889670.72223613
837,82958280.1965882
838,83026946.46040426
839,83095669.56069012
840,83164449.54449044
841,83233286.45888895
842,83302180.3510082
843,83371131.26800987
844,83440139.25709458
845,83509204.36550206
846,83578326.64051117
847,83647506.12943982
848,83716742.87964521
849,83786036.93852364
850,83855388.35351063
851,83924797.17208107
852,83994263.44174904
853,84063787.210068
854,84133368.52463076
855,84203007.4330695
856,84272703.98305586
857,84342458.22230093
858,84412270.1985553
859,84482139.95960906
860,84552067.55329187
861,84622053.02747296
862,84692096.43006125
863,84762197.80900522
864,84832357.2122931
865,84902574.68795282
866,84972850.2840521
867,85043184.04869838
868,85113576.03003897
869,85184026.276261
870,85254534.83559154
871,85325101.7562975
872,85395727.08668582
873,85466410.87510334
874,85537153.16993703
875,85607954.01961379
876,85678813.47260067
877,85749731.57740486
878,85820708.38257363
879,85891743.93669449
880,85962838.28839515
881,86033991.48634358
882,86105203.57924798
883,86176474.61585693
884,86247804.64495939
885,86319193.71538456
886,86390641.87600222
887,86462149.1757225
888,86533715.66349602
889,86605341.388314
890,86677026.39920811
891,86748770.74525067
892,86820574.47555459
893,86892437.63927342
894,86964360.2856014
895,87036342.46377358
896,87108384.22306558
897,87180485.61279397
898,87252646.68231608
899,87324867.48103006
900,87397148.05837503
901,87469488.46383096
902,87541888.74691878
903,87614348.95720047
904,87686869.14427896
905,87759449.35779831
906,87832089.64744358
907,87904790.06294104
908,87977550.6540581
909,88050371.4706033
910,88123252.5624265
911,88196193.97941877
912,88269195.77151246
913,88342257.98868133
914,88415380.68094039
915,88488563.89834614
916,88561807.6909965
917,88635112.10903077
918,88708477.20262991
919,88781903.02201624
920,88855389.6174538
921,88928937.03924812
922,89002545.33774644
923,89076214.56333767
924,89149944.76645237
925,89223735.99756293
926,89297588.30718344
927,89371501.74586983
928,89445476.36421987
929,89519512.21287324
930,89593609.3425115
931,89667767.80385818
932,89741987.64767876
933,89816268.92478082
934,89890611.68601392
935,89965015.98226972
936,90039481.86448202
937,90114009.38362679
938,90188598.59072213
939,90263249.53682849
940,90337962.27304846
941,90412736.850527
942,90487573.32045138
943,90562471.73405124
944,90637432.14259861
945,90712454.597408
946,90787539.14983636
947,90862685.85128318
948,90937894.75319041
949,91013165.90704273
950,91088499.36436728
951,91163895.17673394
952,91239353.39575523
953,91314874.07308646
954,91390457.2604256
955,91466103.0095135
956,91541811.37213378
957,91617582.40011293
958,91693416.14532037
959,91769312.65966842
960,91845271.99511239
961,91921294.20365055
962,91997379.33732429
963,92073527.44821803
964,92149738.58845928
965,92226012.8102187
966,92302350.1657102
967,92378750.70719083
968,92455214.48696092
969,92531741.5573641
970,92608331.97078735
971,92686083.10997623
972,92764997.61775592
973,92845078.14171739
974,92926327.33422552
975,93008747.85242684
976,93092342.3582576
977,93177113.51845159
978,93263064.00454813
979,93350196.49290004
980,93438513.66468164
981,93528018.20589663
982,93618712.8073862
983,93710600.16483702
984,93803682.97878923
985,93897963.95464444
986,93993445.80267388
987,94090131.23802643
988,94188022.98073664
989,94287123.7557329
990,94387436.29284543
991,94488963.32681452
992,94591707.59729858
993,94695671.8488823
994,94800858.8310848
995,94907271.29836778
996,95014912.01014377
997,95123783.73078421
998,95233889.22962776
999,95345231.28098844
1000,95457812.66416389
1001,95571636.16344361
1002,95686704.56811729
1003,95803020.67248294
1004,95920587.27585529
1005,96039407.182574
1006,96159483.20201209
1007,96280818.14858413
1008,96403414.84175465
1009,96527276.10604648
1010,96652404.77104913
1011,96778803.67142709
1012,96906475.64692833
1013,97035423.54239263
1014,97165650.20776
1015,97297158.4980792
1016,97429951.27351598
1017,97564031.39936176
1018,97699401.746042
1019,97836065.18912466
1020,97974024.60932873
1021,98113282.8925328
1022,98253842.92978343
1023,98395707.61730385
1024,98538879.85650241
1025,98683362.55398118
1026,98829158.6215446
1027,98976270.97620785
1028,99124702.54020576
1029,99274456.2410012
1030,99425535.0112938
1031,99577941.78902858
1032,99730582.18708937
1033,99883456.56358653
1034,100036565.27717948
1035,100189908.68707734
1036,100343487.1530399
1037,100497301.03537838
1038,100651350.69495633
1039,100805636.49319045
1040,100960158.79205146
1041,101114917.95406497
1042,101269914.34231217
1043,101425148.32043095
1044,101580620.25261652
1045,101736330.50362241
1046,101892279.43876125
1047,102048467.42390563
1048,102204894.82548898
1049,102361562.01050648
1050,102518469.34651574
1051,102675617.20163798
1052,102833005.94455856
1053,102990635.94452801
1054,103148507.5713629
1055,103306621.19544668
1056,103464977.18773055
1057,103623575.91973431
1058,103782417.76354726
1059,103941503.09182908
1060,104100832.27781071
1061,104260405.69529514
1062,104420223.71865845
1063,104580286.72285046
1064,104740595.08339587
1065,104901149.17639492
1066,105061949.37852445
1067,105222996.06703861
1068,105384289.6197699
1069,105545830.4151299
1070,105707618.83211038
1071,105869655.25028394
1072,106031940.04980507
1073,106194473.611411
1074,106357256.31642254
1075,106520288.54674503
1076,106683570.68486927
1077,106847103.1138723
1078,107010886.2174184
1079,107174920.37976
1080,107339205.98573844
1081,107503743.42078507
1082,107668533.07092202
1083,107833575.32276314
1084,107998870.56351492
1085,108164419.18097733
1086,108330221.56354491
1087,108496278.10020745
1088,108662589.18055108
1089,108829155.19475907
1090,108995976.5336128
1091,109163053.5884927
1092,109330386.75137912
1093,109497976.41485323
1094,109665822.97209805
1095,109833926.81689923
1096,110002288.34364605
1097,110170907.94733241
1098,110339786.02355763
1099,110508922.96852742
1100,110678319.17905486
1101,110847975.05256125
1102,111017890.98707715
1103,111188067.3812432
1104,111358504.63431114
1105,111529203.14614467
1106,111700163.31722045
1107,111871385.54862906
1108,112042870.24207585
1109,112214617.7998819
1110,112386628.62498513
1111,112558903.12094098
1112,112731441.69192354
1113,112904244.74272648
1114,113077312.6787639
1115,113250645.90607138
1116,113424244.8313069
1117,113598109.86175184
1118,113772241.40531181
1119,113946639.87051776
1120,114121305.6665268
1121,114296239.20312329
1122,114471440.89071967
1123,114646911.14035757
1124,114822650.36370863
1125,114998658.97307557
1126,115174937.38139309
1127,115351486.00222887
1128,115528305.24978457
1129,115705395.53889674
1130,115882757.2850378
1131,116060390.90431711
1132,116238296.81348175
1133,116416475.42991777
1134,116594927.17165093
1135,116773652.45734778
1136,116952651.70631664
1137,117131925.33850855
1138,117311473.77451834
1139,117491297.43558554
1140,117671396.74359535
1141,117851772.12107968
1142,118032423.99121815
1143,118213352.77783906
1144,118394558.90542036
1145,118576042.79909071
1146,118757804.88463041
1147,118939845.58847241
1148,119122165.33770338
1149,119304764.5600646
1150,119487643.68395306
1151,119670803.13842244
1152,119854243.35318407
1153,120037964.758608
1154,120221967.78572395
1155,120406252.86622241
1156,120590820.43245555
1157,120775670.9174383
1158,120960804.75484933
1159,121146222.37903209
1160,121331924.22499585
1161,121517910.72841667
1162,121704182.32563843
1163,121890739.45367393
1164,122077582.55020578
1165,122264712.05358754
1166,122452128.40284473
1167,122639832.03767581
1168,122827823.39845327
1169,123016102.92622457
1170,123204671.06271333
1171,123393528.25032021
1172,123582674.93212406
1173,123772111.55188288
1174,123961838.55403489
1175,124151856.38369964
1176,124342165.48667888
1177,124532766.30945785
1178,124723659.29920611
1179,124914844.90377867
1180,125106323.57171707
1181,125298095.75225045
1182,125490161.89529647
1183,125682522.45146254
1184,125875177.87204672
1185,126068128.60903893
1186,126261375.11512187
1187,126454917.84367217
1188,126648757.24876145
1189,126842893.78515732
1190,127037327.90832454
1191,127232060.07442601
1192,127427090.74032384
1193,127622420.36358057
1194,127818049.40245995
1195,128013978.31592834
1196,128210207.56365554
1197,128406737.60601605
1198,128603568.90409
1199,128800701.91966432
1200,128998137.11523381
1201,129195874.9540022
1202,129393915.89988326
1203,129592260.41750188
1204,129790908.97219518
1205,129989862.03001353
1206,130189120.05772176
1207,130388683.52280015
1208,130588552.89344558
1209,130788728.6385726
1210,130989211.2278146
1211,131190001.1315248
1212,131391098.82077746
1213,131592504.76736888
1214,131794219.44381861
1215,131996243.32337053
1216,132198576.87999384
1217,132401220.58838442
1218,132604174.92396568
1219,132807440.36288987
1220,133011017.38203907
1221,133214906.45902638
1222,133419108.07219705
1223,133623622.70062952
1224,133828450.82413661
1225,134033592.92326668
1226,134239049.47930464
1227,134444820.9742732
1228,134650907.89093393
1229,134857310.71278843
1230,135064029.9240794
1231,135271066.00979185
1232,135478419.45565423
1233,135686090.74813953
1234,135894080.37446648
1235,136102388.82260057
1236,136311016.58125538
1237,136519964.13989353
1238,136729231.98872802
1239,136938820.61872318
1240,137148730.52159604
1241,137358962.1898173
1242,137569516.11661252
1243,137780392.79596344
1244,137991592.72260883
1245,138203116.39204603
1246,138414964.30053177
1247,138627136.94508353
1248,138839634.8234807
1249,139052458.43426558
1250,139265608.27674478
1251,139479084.85099027
1252,139692888.65784052
1253,139907020.19890177
1254,140121479.97654915
1255,140336268.4939278
1256,140551386.25495422
1257,140766833.76431733
1258,140982611.5274796
1259,141198720.05067837
1260,141415159.840927
1261,141631931.40601596
1262,141849035.25451416
1263,142066471.89577013
1264,142284241.83991298
1265,142502345.597854
1266,142720783.68128753
1267,142939556.60269225
1268,143158664.87533247
1269,143378109.0132593
1270,143597889.5313117
1271,143818006.9451179
1272,144038461.77109653
1273,144259254.52645776
1274,144480385.72920468
1275,144701855.8981343
1276,144923665.55283892
1277,145145815.21370742
1278,145368305.4019261
1279,145591136.63948053
1280,145814309.4491561
1281,146037824.35453978
1282,146261681.88002098
1283,146485882.5507931
1284,146710426.8928544
1285,146935315.43300954
1286,147160548.69887078
1287,147386127.2188589
1288,147612051.52220497
1289,147838322.13895112
1290,148064939.59995204
1291,148291904.43687612
1292,148519217.18220666
1293,148746878.36924344
1294,148974888.53210342
1295,149203248.2057225
1296,149431957.9258564
1297,149661018.22908226
1298,149890429.65279964
1299,150120192.7352319
1300,150350308.01542732
1301,150580776.03326052
1302,150811597.32943392
1303,151042772.44547832
1304,151274301.92375502
1305,151506186.30745643
1306,151738426.1406078
1307,151971021.96806815
1308,152203974.33553174
1309,152437283.78952938
1310,152670950.87742957
1311,152904976.14743987
1312,153139360.14860815
1313,153374103.430824
1314,153609206.5448198
1315,153844670.04217222
1316,154080494.4753034
1317,154316680.3974822
1318,154553228.36282575
1319,154790138.92630032
1320,155027412.6437231
1321,155265050.0717632
1322,155503051.76794297
1323,155741418.29063943
1324,155980150.1990856
1325,156219248.05337152
1326,156458712.41444597
1327,156698543.84411755
1328,156938742.905056
1329,157179310.1607936
1330,157420246.1757264
1331,157661551.51511568
1332,157903226.74508914
1333,158145272.43264222
1334,158387689.14563966
1335,158630477.45281655
1336,158873637.92377976
1337,159117171.12900937
1338,159361077.63985988
1339,159605358.02856162
1340,159850012.86822203
1341,160095042.73282722
1342,160340448.1972429
1343,160586229.83721614
1344,160832388.22937655
1345,161078923.95123762
1346,161325837.58119804
1347,161573129.69854316
1348,161820800.88344637
1349,162068851.7169703
1350,162317282.7810682
1351,162566094.65858558
1352,162815287.93326125
1353,163064863.18972883
1354,163314821.01351812
1355,163565161.99105653
1356,163815886.70967025
1357,164066995.7575859
1358,164318489.7239317
1359,164570369.1987389
1360,164822634.77294332
1361,165075287.0383865
1362,165328326.58781728
1363,165581754.01489294
1364,165835569.91418096
1365,166089774.88116014
1366,166344369.5122221
1367,166599354.40467256
1368,166854730.15673295
1369,167110497.36754158
1370,167366656.63715526
1371,167623208.56655064
1372,167880153.7576255
1373,168137492.81320024
1374,168395226.3370194
1375,168653354.93375295
1376,168911879.2089977
1377,169170799.7692788
1378,169430117.2220511
1379,169689832.17570063
1380,169949945.23954606
1381,170210457.02383995
1382,170471368.1397703
1383,170732679.1994621
1384,170994390.81597853
1385,171256503.60332263
1386,171519018.17643854
1387,171781935.15121305
1388,172045255.14447707
1389,172308978.774007
1390,172573106.65852612
1391,172837639.41770637
1392,173102577.67216936
1393,173367922.04348812
1394,173633673.15418842
1395,173899831.6277504
1396,174166398.08860976
1397,174433373.16215947
1398,174700757.47475114
1399,174968551.6536965
1400,175236756.3272689
1401,175505372.12470466
1402,175774399.6762047
1403,176043839.61293602
1404,176313692.567033
1405,176583959.17159903
1406,176854640.06070802
1407,177125735.86940587
1408,177397247.23371178
1409,177669174.79062
1410,177941519.17810115
1411,178214281.0351039
1412,178487461.00155616
1413,178761059.7183669
1414,179035077.8274275
1415,179309515.9716133
1416,179584374.79478496
1417,179859654.94179028
1418,180135357.05846536
1419,180411481.7916365
1420,180688029.7891212
1421,180965001.69973034
1422,181242398.17326897
1423,181520219.86053848
1424,181798467.41333783
1425,182077141.48446494
1426,182356242.7277186
1427,182635771.7978996
1428,182915729.35081252
1429,183196116.04326737
1430,183476932.5330807
1431,183758179.4790776
1432,184039857.54109293
1433,184321967.37997308
1434,184604509.65757743
1435,184887485.03677985
1436,185170894.1814703
1437,185454737.75655657
1438,185739016.42796543
1439,186023730.86264464
1440,186308881.72856414
1441,186594469.69471788
1442,186880495.43112525
1443,187166959.60883278
1444,187453862.89991552
1445,187741205.9774787
1446,188028989.51565954
1447,188317214.18962842
1448,188605880.67559075
1449,188894989.6507885
1450,189184541.79350162
1451,189474537.78305006
1452,189764978.29979485
1453,190055864.02513996
1454,190347195.6415339
1455,190638973.83247134
1456,190931199.28249457
1457,191223872.67719522
1458,191516994.7032159
1459,191810566.0482517
1460,192104587.40105188
1461,192399059.45142144
1462,192693982.89022276
1463,192989358.40937737
1464,193285186.7018672
1465,193581468.46173656
1466,193878204.38409364
1467,194175395.16511214
1468,194473041.50203282
1469,194771144.09316543
1470,195069703.6378899
1471,195392384.87561023
1472,195739428.36485314
1473,196111076.78432724
1474,196507574.95124012
1475,196929169.83977443
1476,197376110.5997217
1477,197848648.57527763
1478,198347037.3239986
1479,198871532.6359216
1480,199422392.5528486
1481,199999877.38779742
1482,200604249.74461922
1483,201235774.53778586
1484,201894719.01234674
1485,202581352.76405805
1486,203295947.75968513
1487,204038778.3574793
1488,204810121.3278317
1489,205610255.874104
1490,206439463.6536393
1491,207298028.79895344
1492,208186237.93910888
1493,209104380.22127232
1494,210052747.33245856
1495,211031633.52146068
1496,212041335.62096974
1497,213082153.0698845
1498,214154387.93581328
1499,215258344.93776965
1500,216394331.4690633
1501,217562657.62038812
1502,218763636.20310897
1503,219997582.77274883
1504,221264815.6526784
1505,222565655.9580093
1506,223900427.6196932
1507,225269457.4088281
1508,226673074.96117443
1509,228111612.80188128
1510,229585406.37042663
1511,231094794.0457709
1512,232640117.17172852
1513,234221720.08255652
1514,235839950.1287644
1515,237495157.70314553
1516,239187696.2670331
1517,240917922.3767816
1518,242686195.71047676
1519,244492879.09487492
1520,246338338.5325746
1521,248222943.229422
1522,250147065.62215194
1523,252111081.40626746
1524,254115369.56415865
1525,256160312.39346403
1526,258246295.53567582
1527,260373708.0049916
1528,262542942.217414
1529,264754394.0201012
1530,267008462.72097
1531,269305551.11855346
1532,271622401.49316394
1533,273959183.85816985
1534,276316069.6895739
1535,278693231.93859625
1536,281090845.0443658
1537,283509084.94672096
1538,285948129.0991199
1539,288408156.4816628
1540,290889347.61422557
1541,293391884.569706
1542,295915950.9873855
1543,298461732.08640385
1544,301029414.6793515
1545,303619187.18597764
1546,306231239.6470169
1547,308865763.73813486
1548,311522952.7839931
1549,314203001.7724361
1550,316906107.36879927
1551,319632467.9303405
1552,322382283.52079624
1553,325155755.92506224
1554,327953088.6640004
1555,330774487.0093742
1556,333620157.99891084
1557,336490310.4514949
1558,339385154.9824906
1559,342304904.01919824
1560,345249771.81644154
1561,348219974.47229016
1562,351215729.94391733
1563,354237258.0635937
1564,357284780.55481905
1565,360358521.0485925
1566,363458705.0998227
1567,366585560.2038799
1568,369739315.8132889
1569,372920203.35456777
1570,376128456.24520904
1571,379309519.60637033
1572,382463068.9823132
1573,385588776.97636443
1574,388686313.22536707
1575,391755344.3739123
1576,394795534.04834855
1577,397806542.83056736
1578,400788028.23156244
1579,403739644.66476136
1580,406661043.41912746
1581,409551872.63202953
1582,412411777.2618782
1583,415240399.060526
1584,418037376.5454297
1585,420802344.9715735
1586,423534936.3031485
1587,426234779.18499005
1588,428901498.9137682
1589,431534717.40892875
1590,434134053.18338615
1591,436699121.31396204
1592,439229533.4115695
1593,441724897.591141
1594,444184818.44129604
1595,446608896.99374884
1596,448996730.6924512
1597,451347913.36247003
1598,453662035.17859685
1599,455938682.63368636
1600,458177438.50672257
1601,460377881.8306093
1602,462539587.8596841
1603,464662128.03695124
1604,466745069.9610327
1605,468787977.35283464
1606,470790410.0219269
1607,472751923.8326316
1608,474672070.66982114
1609,476550398.4044206
1610,478386450.8586131
1611,480179767.7707452
1612,481929884.75993073
1613,483636333.29034853
1614,485298640.63523334
1615,486916329.84055656
1616,488488919.68839335
1617,490015924.6599753
1618,491496854.89842343
1619,492931216.17116153
1620,494318509.83200455
1621,495658232.782921
1622,496949877.435466
1623,498192931.6718815
1624,499386878.8058624
1625,500531197.5429835
1626,501625361.9407866
1627,502668841.3685231
1628,503661100.4665503
1629,504601599.1053773
1630,505489792.34435904
1631,506325130.39003354
1632,507161848.8585397
1633,507999950.03107053
1634,508839436.1925885
1635,509680309.63183224
1636,510522572.6413226
1637,511366227.51736885
1638,512211276.5600749
1639,513057722.0733458
1640,513905566.3648938
1641,514754811.7462447
1642,515605460.5327442
1643,516457515.0435643
1644,517310977.6017093
1645,518165850.53402245
1646,519022136.1711921
1647,519879836.84775823
1648,520738954.90211874
1649,521599492.67653567
1650,522461452.5171419
1651,523324836.7739473
1652,524189647.800845
1653,525055887.95561844
1654,525923559.5999469
1655,526792665.09941286
1656,527663206.8235077
1657,528535187.1456386
1658,529408608.4431346
1659,530283473.09725386
1660,531159783.4931891
1661,532037542.0200751
1662,532916751.0709944
1663,533797413.0429845
1664,534679530.3370438
1665,535563105.3581387
1666,536448140.51520956
1667,537334638.2211779
1668,538222600.8929526
1669,539112030.9514362
1670,540002930.8215325
1671,540907518.2659972
1672,541825852.138
1673,542757991.4954475
1674,543703995.6016402
1675,544663923.9259313
1676,545637836.1443887
1677,546625792.1404576
1678,547627852.005626
1679,548644076.0400922
1680,549674524.7534347
1681,550719258.8652819
1682,551778339.305988
1683,552851827.2173073
1684,553939783.9530721
1685,555042271.0798726
1686,556159350.3777393
1687,557291083.8408263
1688,558437533.6780978
1689,559598762.3140167
1690,560774832.3892345
1691,561965806.761284
1692,563171748.505274
1693,564392720.9145864
1694,565628787.5015745
1695,566880011.9982649
1696,568146458.3570603
1697,569428190.751445
1698,570725273.576693
1699,572037771.4505771
1700,573365749.2140815
1701,574709271.932116
1702,576068404.8942317
1703,577443213.615341
1704,578833763.8364367
1705,580240121.5253172
1706,581662352.8773096
1707,583100524.315999
1708,584554702.4939572
1709,586024954.2934752
1710,587511346.8272976
1711,589013947.4393587
1712,590532823.7055222
1713,592068043.4343214
1714,593619674.6677032
1715,595187785.6817731
1716,596772444.9875445
1717,598373721.3316877
1718,599991683.6972833
1719,601626401.3045764
1720,603277943.611735
1721,604946380.3156084
1722,606631781.3524903
1723,608334216.8988819
1724,610053757.3722595
1725,611790473.4318434
1726,613544435.9793687
1727,615315716.1598595
1728,617104385.3624054
1729,618910515.220939
1730,620734177.615018
1731,622575444.6706082
1732,624422173.4270232
1733,626274380.0851593
1734,628132080.8939685
1735,629995292.1506016
1736,631864030.2005519
1737,633738311.4377971
1738,635618152.3049443
1739,637503569.2933736
1740,639394578.9433835
1741,641291197.8443352
1742,643193442.6347985
1743,645101330.0026977
1744,647014876.6854583
1745,648934099.4701532
1746,650859015.1936507
1747,652789640.7427616
1748,654725993.0543876
1749,656668089.11567
1750,658615945.9641386
1751,660569580.6878611
1752,662529010.4255933
1753,664494252.3669286
1754,666465323.75245
1755,668442241.8738809
1756,670425024.074236
1757,672413687.7479748
1758,674408250.3411529
1759,676408729.3515763
1760,678415142.328954
1761,680427506.875052
1762,682445840.6438481
1763,684470161.341687
1764,686500486.7274344
1765,688536834.6126345
1766,690579222.8616649
1767,692627669.3918942
1768,694682192.1738384
1769,696742809.2313191
1770,698809538.6416216
1771,700882398.5356532
1772,702961407.0981028
1773,705046582.5675993
1774,707137943.2368731
1775,709235507.4529155
1776,711339293.61714
1777,713449320.1855439
1778,715565605.6688696
1779,717688168.6327677
1780,719817027.6979598
1781,721952201.5404013
1782,724093708.8914459
1783,726241568.5380089
1784,728395799.3227336
1785,730556420.1441555
1786,732723449.9568679
1787,734896907.7716888
1788,737076812.6558279
1789,739263183.733053
1790,741456040.183858
1791,738786279.8820058
1792,732894683.786024
1793,727076153.4754856
1794,721415729.9944105
1795,715740341.2205812
1796,710083470.8585415
1797,704499641.6046106
1798,698894060.8380051
1799,693330115.7427344
1800,693692184.8512836
1801,691679838.4560285
1802,686457675.5049099
1803,681379567.9482645
1804,676341915.3063883
1805,671521933.2576869
1806,666753744.5166646
1807,662008202.3392128
1808,657362813.4136444
1809,652718449.7325972
1810,654198855.3610914
1811,653296867.2622547
1812,648802364.5558351
1813,644432499.0111053
1814,640372220.9243942
1815,636409413.5703976
1816,633374833.0527961
1817,629704761.7326524
1818,626130699.2463912
1819,622664953.5645051
1820,630634551.4324815
1821,631022781.6882504
1822,628054328.7667261
1823,625254561.7943292
1824,622709810.4064046
1825,620228063.6075324
1826,618068307.5698451
1827,616100046.8413928
1828,614266812.0865525
1829,612549553.8844604
1830,611600508.168028
1831,613859544.8007238
1832,612678585.3298862
1833,612151707.9741144
1834,611891676.5530599
1835,611706612.2296662
1836,611623680.3654
1837,611605170.1102325
1838,612039542.8960173
1839,612783522.9459499
1840,629937797.1009612
1841,631669353.0688149
1842,633888122.1940569
1843,636394186.4965796
1844,640268293.2694223
1845,643620630.82582
1846,646853923.048193
1847,650426678.0034897
1848,654305600.4088299
1849,658476284.3435003
1850,663767144.0829171
1851,669649343.9058902
1852,681034174.7400913
1853,696064280.4933372
1854,715118610.2494155
1855,735309316.9404063
1856,755848314.6358404
1857,782884197.2923281
1858,804533843.671475
1859,826910639.3418065
1860,861090154.9692153
1861,878098310.2841787
1862,898696981.4516743
1863,922423309.7376883
1864,946557137.8014035
1865,972166320.197083
1866,997543250.4700238
1867,1024636664.8922783
1868,1052915409.6178191
1869,1082092856.4772282
1870,1125249307.079034
1871,1151091791.238597
1872,1180003580.1686666
1873,1213833767.6586993
1874,1247840039.060995
1875,1282895145.868035
1876,1320621395.2731504
1877,1357971775.8261955
1878,1394897625.673369
1879,1434630058.0506303
1880,1477934809.528845
1881,1514953136.5299485
1882,1554544240.2817588
1883,1617414540.608041
1884,1658692451.6697845
1885,1700008190.9674776
1886,1744875883.8212168
1887,1787911794.3895593
1888,1830599642.0709589
1889,1873051272.2167504
1890,1920781357.3570514
1891,1966546110.3184526
1892,2012698379.0008457
1893,2065308876.0138264
1894,2121749505.8574712
1895,2181347410.929867
1896,2243996148.0851784
1897,2308416531.5761027
1898,2375401747.869602
1899,2454897772.142655
1900,2530826950.9123197
1901,2587302729.6461954
1902,2654962426.7100916
1903,2722526641.8787804
1904,2793707666.174575
1905,2869147177.6161876
1906,2950850849.2318687
1907,3037556119.4932437
1908,3123654288.720704
1909,3204054949.1119623
1910,3285608520.771194
1911,3359160872.70919
1912,3433215088.642559
1913,3509273154.19938
1914,3586069901.422536
1915,3652096327.818964
1916,3720868595.0736737
1917,3791756695.1323137
1918,3865657738.0541587
1919,3950404015.6024284
1920,4066018657.4866285
1921,4093130830.426338
1922,4132753726.090796
1923,4172428341.55287
1924,4213546657.236905
1925,4255495608.306647
1926,4297250944.745359
1927,4340530570.565335
1928,4383368679.631564
1929,4426396956.02561
1930,4469876589.559318
1931,4497997504.859398
1932,4541152362.530815
1933,4585188098.841014
1934,4629331500.646507
1935,4674948907.233497
1936,4720704671.081118
1937,4764653044.251851
1938,4809811771.46076
1939,4858608943.443247
1940,4905415036.53676
1941,4948894040.941281
1942,4986493315.716074
1943,5034053977.717372
1944,5051280900.083702
1945,5105704957.412852
1946,5162665449.56866
1947,5216425722.931237
1948,5276167671.447769
1949,5339872287.994387
1950,5407813877.567443
